,No.,Player,Pos,Ht,Date Ht,Wt,Birth Date,Nationality,Exp,College,Rk,Age,Tm,G,GS,MP,FG,FGA,FG%,3P,3PA,3P%,2P,2PA,2P%,eFG%,FT,FTA,FT%,ORB,DRB,TRB,AST,STL,BLK,TOV,PF,PTS,Salary
0,34,Giannis Antetokounmpo,PF,6'11,11-Jun,242,December 6 1994,gr,5,,18,24,MIL,72,72,32.8,10,17.3,0.578,0.7,2.8,0.256,9.3,14.5,0.641,0.599,6.9,9.5,0.729,2.2,10.3,12.5,5.9,1.3,1.5,3.7,3.2,27.7,24157304
1,6,Eric Bledsoe,PG,6'1,1-Jun,205,December 9 1989,us,8,Kentucky,54,29,MIL,78,78,29.1,6,12.4,0.484,1.6,4.8,0.329,4.4,7.6,0.582,0.548,2.3,3,0.75,1.1,3.6,4.6,5.5,1.5,0.4,2.1,2,15.9,15000000
2,13,Malcolm Brogdon,SG,6'5,5-Jun,229,December 11 1992,us,2,Virginia,70,26,MIL,64,64,28.6,5.9,11.7,0.505,1.6,3.8,0.426,4.3,7.9,0.544,0.575,2.2,2.4,0.928,1,3.5,4.5,3.2,0.7,0.2,1.4,1.6,15.6,1544951
3,23,Sterling Brown,SG,6'6,6-Jun,232,February 10 1995,us,1,SMU,76,23,MIL,58,7,17.8,2.5,5.4,0.465,0.9,2.5,0.361,1.6,2.8,0.558,0.55,0.5,0.7,0.69,0.5,2.7,3.2,1.4,0.4,0.1,0.8,1.5,6.4,1378242
4,7,Isaiah Canaan,PG,6'1,Jun-00,201,May 21 1991,us,5,Murray State,88,27,TOT,30,16,21,2.1,5.5,0.39,1.1,3.2,0.354,1,2.3,0.441,0.494,0.6,0.8,0.792,0.2,1.7,1.9,2.8,0.5,0.1,1.2,1.7,6,744671
5,50,Bonzie Colson,SF,6'6,6-Jun,224,January 12 1996,us,0,Notre Dame,111,23,MIL,8,2,12.3,1.6,4.9,0.333,0.6,2.6,0.238,1,2.3,0.444,0.397,1,1.1,0.889,1,2.8,3.8,0.4,0.6,0.1,0.4,0.4,4.9,77250
6,24,Pat Connaughton,SG,6'4,4-Jun,209,January 6 1993,us,3,Notre Dame,113,26,MIL,61,2,20.7,2.7,5.7,0.466,1.1,3.3,0.33,1.6,2.5,0.647,0.56,0.5,0.7,0.725,1,3.2,4.2,2,0.5,0.4,0.5,1.3,6.9,1641000
7,8,Matthew Dellavedova,PG,6'4,4-Jun,200,September 8 1990,au,5,Saint Mary's,133,28,TOT,48,0,16.9,2,5,0.405,0.9,2.7,0.338,1.1,2.3,0.482,0.496,0.9,1.1,0.808,0.1,1.5,1.6,3.8,0.3,0,1.4,1.6,5.9,9607500
8,9,Donte DiVincenzo,SG,6'4,4-Jun,203,January 31 1997,us,0,Villanova,141,22,MIL,27,0,15.2,1.9,4.6,0.403,0.8,3.1,0.265,1,1.5,0.683,0.492,0.3,0.4,0.75,0.6,1.8,2.4,1.1,0.5,0.2,0.7,1.4,4.9,2484360
9,0,Trevon Duval,PG,6'2,2-Jun,189,August 3 1998,us,0,Duke,151,20,MIL,3,0,2,0.7,1,0.667,0.3,0.3,1,0.3,0.7,0.5,0.833,0,0,0,0,0.3,0.3,0.7,0,0,0,0,1.7,77250
10,12,Tim Frazier,PG,6'1,1-Jun,170,November 1 1990,us,4,Penn State,173,28,TOT,59,19,19,2,4.4,0.444,0.6,1.7,0.366,1.3,2.7,0.494,0.515,0.7,0.9,0.759,0.7,2.2,2.8,4.2,0.5,0.1,1.3,1.9,5.3,1832107
11,17,Pau Gasol,C,7'1,Jul-00,250,July 6 1980,es,17,,181,38,TOT,30,6,12,1.4,3.1,0.447,0.2,0.4,0.462,1.2,2.7,0.444,0.479,0.9,1.3,0.7,0.7,3.8,4.6,1.7,0.2,0.5,0.5,1,3.9,17133285
12,31,John Henson,C,6'11,11-Jun,219,December 28 1990,us,6,UNC,219,28,MIL,14,0,13.4,2.2,4.8,0.463,0.8,2.2,0.355,1.4,2.6,0.556,0.545,0.4,0.7,0.6,1.1,3.9,5.1,1,0.5,0.8,0.9,1.1,5.6,10577466
13,3,George Hill,PG,6'3,3-Jun,188,May 4 1986,us,10,IUPUI,227,32,TOT,60,13,21.7,2.8,6.3,0.452,0.8,2.6,0.314,2,3.7,0.547,0.516,1.2,1.4,0.824,0.7,1.8,2.5,2.3,0.9,0.1,0.9,1.7,7.6,19000000
14,77,Ersan Ilyasova,PF,6'10,10-Jun,235,May 15 1987,tr,10,,245,31,MIL,67,7,18.4,2.5,5.7,0.438,0.9,2.4,0.363,1.6,3.3,0.493,0.514,0.9,1.1,0.824,1.4,3.1,4.5,0.8,0.5,0.3,0.7,2.6,6.8,7000000
15,11,Brook Lopez,C,7'1,Jul-00,270,April 1 1988,us,10,Stanford,310,30,MIL,81,81,28.7,4.4,9.7,0.452,2.3,6.3,0.365,2.1,3.4,0.613,0.571,1.4,1.6,0.842,0.4,4.5,4.9,1.2,0.6,2.2,1,2.3,12.5,3382000
16,7,Thon Maker,C,7'1,1-Jul,221,February 25 1997,ss,2,,324,21,TOT,64,5,15.2,1.7,4.2,0.407,0.8,2.4,0.32,0.9,1.8,0.522,0.498,0.9,1.3,0.667,0.6,2.5,3.2,0.7,0.3,0.8,0.5,1.6,5,2799720
17,22,Khris Middleton,SF,6'8,8-Jun,222,August 12 1991,us,6,Texas A&M,346,27,MIL,77,77,31.1,6.6,14.9,0.441,2.3,6.2,0.378,4.2,8.8,0.485,0.519,2.8,3.4,0.837,0.6,5.3,6,4.3,1,0.1,2.3,2.2,18.3,13000000
18,41,Nikola Mirotic,PF,6'10,10-Jun,250,February 11 1991,me,4,,353,27,TOT,46,25,27.1,5.2,11.8,0.439,2.5,6.9,0.365,2.7,4.9,0.545,0.546,2.3,2.7,0.847,1.3,6.1,7.4,1.2,0.7,0.7,1,2.3,15.2,12500000
19,30,Jaylen Morris,SG,6'5,5-Jun,185,September 19 1995,us,1,Molloy,360,23,MIL,4,0,7.3,1,2.5,0.4,0.3,0.8,0.333,0.8,1.8,0.429,0.45,0.3,0.5,0.5,0,1.3,1.3,1,0.5,0,0.3,0.3,2.5,77250
20,20,Jason Smith,PF,7'1,Jul-00,240,March 2 1986,us,10,Colorado State,456,32,TOT,20,1,9.5,1.1,3,0.356,0.5,1.3,0.346,0.6,1.7,0.364,0.432,0.7,0.8,0.875,0.8,1.8,2.6,0.7,0.2,0.4,0.7,1.5,3.3,5450000
21,21,Tony Snell,SF,6'7,7-Jun,213,November 10 1991,us,5,New Mexico,458,27,MIL,74,12,17.6,2.2,4.9,0.452,1.1,2.8,0.397,1.1,2.1,0.522,0.564,0.5,0.6,0.881,0.4,1.7,2.1,0.9,0.4,0.2,0.3,1.2,6,10607143
22,35,Christian Wood,PF,6'10,10-Jun,214,September 27 1995,us,2,UNLV,521,23,TOT,21,2,12,2.9,5.6,0.521,0.4,1.2,0.346,2.5,4.3,0.571,0.56,2,2.7,0.732,0.8,3.1,4,0.4,0.3,0.5,0.8,0.8,8.2,1512601
23,3,OG Anunoby,SF,6'8,8-Jun,232,July 17 1997,gb,1,Indiana,21,21,TOR,67,6,20.2,2.7,6,0.453,1,3,0.332,1.7,3,0.574,0.536,0.5,0.9,0.581,0.9,2.1,2.9,0.7,0.7,0.3,0.8,2.1,7,1952760
24,25,Chris Boucher,PF,6'10,10-Jun,200,January 11 1993,lc,1,Oregon,62,26,TOR,28,0,5.8,1.2,2.7,0.447,0.4,1.3,0.324,0.8,1.4,0.564,0.526,0.5,0.5,0.867,0.6,1.4,2,0.1,0.2,0.9,0.3,1.1,3.3,457418
25,4,Lorenzo Brown,PG,6'5,5-Jun,189,August 26 1990,us,4,NC State,75,28,TOR,26,0,8.2,0.9,2.7,0.324,0.2,1.1,0.214,0.7,1.7,0.395,0.366,0.1,0.1,1,0.2,1,1.2,1.1,0.5,0.2,0.6,0.8,2.1,800000
26,33,Marc Gasol,C,7'1,1-Jul,255,January 29 1985,es,10,,180,34,TOT,79,72,30.8,4.9,11,0.448,1.3,3.5,0.363,3.7,7.6,0.487,0.505,2.4,3.2,0.759,1,6.9,7.9,4.4,1.1,1.1,2,2.7,13.6,24119025
27,14,Danny Green,SG,6'6,6-Jun,215,June 22 1987,us,9,UNC,197,31,TOR,80,80,27.7,3.7,7.9,0.465,2.5,5.4,0.455,1.2,2.4,0.487,0.622,0.5,0.6,0.841,0.8,3.2,4,1.6,0.9,0.7,0.9,2.1,10.3,10000000
28,9,Serge Ibaka,C,6'10,10-Jun,235,September 18 1989,cg,9,,243,29,TOR,74,51,27.2,6.3,11.9,0.529,0.7,2.3,0.29,5.6,9.6,0.586,0.557,1.8,2.4,0.763,2.1,6,8.1,1.3,0.4,1.4,1.5,2.9,15,21666667
29,2,Kawhi Leonard,SF,6'7,7-Jun,230,June 29 1991,us,7,San Diego State,301,27,TOR,60,60,34,9.3,18.8,0.496,1.9,5,0.371,7.5,13.8,0.542,0.546,6.1,7.1,0.854,1.3,6,7.3,3.3,1.8,0.4,2,1.5,26.6,23114066
30,17,Jeremy Lin,PG,6'3,3-Jun,200,August 23 1988,us,8,Harvard University,306,30,TOT,74,4,19.4,3.2,7.3,0.44,0.7,2.5,0.294,2.5,4.8,0.517,0.491,2.4,2.8,0.838,0.3,2.1,2.4,3.1,0.6,0.2,1.7,1.9,9.6,12516746
31,7,Kyle Lowry,PG,6'1,1-Jun,196,March 25 1986,us,12,Villanova,313,32,TOR,65,65,34,4.7,11.4,0.411,2.4,7,0.347,2.3,4.4,0.514,0.518,2.5,3,0.83,0.6,4.2,4.8,8.7,1.4,0.5,2.8,2.6,14.2,32700000
32,8,Jordan Loyd,PG,6'4,4-Jun,210,July 27 1993,us,0,Furman University University of Indianapolis,314,25,TOR,12,0,4.6,0.7,1.5,0.444,0.3,0.7,0.5,0.3,0.8,0.4,0.556,0.8,0.9,0.818,0.1,0.7,0.8,0.5,0,0,0.2,0.4,2.4,77250
33,1,Patrick McCaw,SG,6'7,7-Jun,185,October 25 1995,us,2,UNLV,333,23,TOT,29,1,13.7,0.9,2.2,0.413,0.3,1,0.321,0.6,1.2,0.486,0.484,0.4,0.5,0.867,0.2,1.4,1.7,1,0.8,0.1,0.6,1.3,2.6,964104
34,20,Jodie Meeks,SG,6'4,4-Jun,210,August 21 1987,us,9,Kentucky,342,31,TOR,8,0,13,2.6,4.9,0.538,1,2.3,0.444,1.6,2.6,0.619,0.641,0.1,0.1,1,0.1,1.4,1.5,1,0.1,0.1,0.3,0.6,6.4,3774176
35,13,Malcolm Miller,SF,6'7,7-Jun,210,March 6 1993,us,1,Holy Cross,349,25,TOR,10,0,6.7,1.1,2.6,0.423,1,2.1,0.476,0.1,0.5,0.2,0.615,0.3,0.4,0.75,0.1,0.4,0.5,0.1,0.1,0.1,0.1,0.5,3.5,457418
36,15,Greg Monroe,C,6'11,11-Jun,265,June 4 1990,us,8,Georgetown,357,28,TOT,43,2,11.2,2.1,4.4,0.487,0,0.1,0.2,2.1,4.3,0.495,0.489,1,1.7,0.625,1.6,2.4,4,0.6,0.3,0.2,0.7,1.5,5.3,2410167
37,15,Eric Moreland,PF,6'10,10-Jun,238,December 24 1991,us,3,Oregon State,359,27,TOT,5,0,8.6,0.6,1.4,0.429,0.2,0.2,1,0.4,1.2,0.333,0.5,0,0,0,0.8,3.2,4,0.8,0.2,0.2,1,1.8,1.4,309859
38,24,Norman Powell,SG,6'4,4-Jun,215,May 25 1993,us,3,UCLA,411,25,TOR,60,3,18.8,3.2,6.7,0.483,1.1,2.8,0.4,2.1,3.8,0.543,0.568,1,1.3,0.827,0.3,2.1,2.3,1.5,0.7,0.2,1.1,1.6,8.6,9367200
39,22,Malachi Richardson,SG,6'6,6-Jun,205,January 5 1996,us,2,Syracuse,421,23,TOR,22,0,4.7,0.4,1.3,0.31,0.4,1.1,0.32,0,0.2,0.25,0.448,0.2,0.2,0.8,0.1,0.5,0.6,0,0,0,0.4,0.6,1.4,1569360
40,43,Pascal Siakam,PF,6'9,9-Jun,230,April 2 1994,cm,2,New Mexico State,446,24,TOR,80,79,31.9,6.5,11.8,0.549,1,2.7,0.369,5.5,9.1,0.602,0.591,3,3.8,0.785,1.6,5.3,6.9,3.1,0.9,0.7,1.9,3,16.9,1544951
41,17,Jonas Valanciunas,C,7'1,Jul-00,265,May 6 1992,lt,6,,488,26,TOT,49,27,22.3,6.1,11,0.559,0.3,1,0.292,5.9,10,0.586,0.572,3,3.8,0.795,2.2,6.4,8.6,1.4,0.4,1.1,1.8,3,15.6,16539326
42,23,Fred VanVleet,PG,6'1,Jun-00,195,February 25 1994,us,2,Wichita State,490,24,TOR,64,28,27.5,3.8,9.4,0.41,1.8,4.6,0.378,2.1,4.8,0.441,0.503,1.5,1.8,0.843,0.3,2.3,2.6,4.8,0.9,0.3,1.3,1.7,11,8653847
43,55,Delon Wright,PG,6'5,5-Jun,183,April 26 1992,us,3,Utah,522,26,TOT,75,13,22.7,3.2,7.4,0.434,0.7,2.2,0.298,2.6,5.2,0.492,0.478,1.6,2,0.793,0.9,2.6,3.5,3.3,1.2,0.4,1,1.4,8.7,2536898
44,43,Jonah Bolden,PF,6'10,10-Jun,220,January 2 1996,au,0,UCLA,59,23,PHI,44,10,14.5,1.8,3.7,0.494,0.8,2.2,0.354,1,1.5,0.697,0.599,0.3,0.6,0.481,1.1,2.7,3.8,0.9,0.4,0.9,0.8,2.3,4.7,1690000
45,0,Corey Brewer,SF,6'9,9-Jun,186,March 5 1986,us,11,Florida,65,32,TOT,31,3,15.9,1.7,4,0.431,0.5,1.4,0.318,1.3,2.5,0.494,0.488,1,1.4,0.721,0.8,1.6,2.5,1.3,1,0.2,0.6,2,4.9,2559925
46,23,Jimmy Butler,SF,6'8,8-Jun,232,September 14 1989,us,7,Marquette,84,29,TOT,65,65,33.6,6.4,13.9,0.462,1,3,0.347,5.4,10.9,0.494,0.499,4.8,5.6,0.855,1.9,3.4,5.3,4,1.9,0.6,1.5,1.7,18.7,19841627
47,22,Wilson Chandler,PF,6'9,9-Jun,225,May 10 1987,us,10,DePaul,101,31,TOT,51,33,23.1,2.2,5.4,0.418,1.2,3.1,0.373,1.1,2.3,0.478,0.526,0.4,0.5,0.72,0.9,3.3,4.2,1.6,0.5,0.4,0.9,2.4,6,12800562
48,33,Robert Covington,SF,6'9,9-Jun,225,December 14 1990,us,5,Tennessee State,116,28,TOT,35,35,34.4,4.5,10.3,0.431,2.4,6.4,0.378,2,3.9,0.518,0.548,1.9,2.5,0.764,0.8,4.7,5.5,1.3,2.1,1.3,1.3,3.6,13.3,10464092
49,21,Joel Embiid,C,7'1,Jul-00,250,March 16 1994,cm,2,Kansas,155,24,PHI,64,64,33.7,9.1,18.7,0.484,1.2,4.1,0.3,7.8,14.6,0.535,0.517,8.2,10.1,0.804,2.5,11.1,13.6,3.7,0.7,1.9,3.5,3.3,27.5,25467250
50,11,James Ennis,SF,6'7,7-Jun,210,July 1 1990,us,4,Cal State Long Beach,156,28,TOT,58,27,21.2,2.4,5.1,0.469,0.9,2.7,0.353,1.4,2.4,0.601,0.563,1,1.4,0.716,1,2.1,3.1,0.7,0.7,0.4,0.6,2.6,6.7,1621415
51,20,Markelle Fultz,SG,6'4,4-Jun,200,May 29 1998,us,1,Washington,176,20,PHI,19,15,22.5,3.4,8.2,0.419,0.2,0.7,0.286,3.2,7.4,0.433,0.432,1.1,1.9,0.568,1.4,2.3,3.7,3.1,0.9,0.3,1.3,2.7,8.2,8339880
52,33,Tobias Harris,PF,6'9,9-Jun,235,July 15 1992,us,7,Tennessee,212,26,TOT,82,82,34.7,7.5,15.3,0.487,1.9,4.8,0.397,5.5,10.5,0.528,0.549,3.2,3.7,0.866,0.8,7,7.9,2.8,0.6,0.5,1.8,2.2,20,14800000
53,7,Haywood Highsmith,SF,6'7,7-Jun,220,December 9 1996,us,0,Wheeling Jesuit University,225,22,PHI,5,0,8,0.8,2,0.4,0.2,1,0.2,0.6,1,0.6,0.45,0,0.4,0,0,1,1,0.4,0.2,0,0.2,0.2,1.8,77250
54,11,Demetrius Jackson,PG,6'1,1-Jun,201,September 7 1994,us,2,Notre Dame,252,24,PHI,6,0,6.5,1.3,2.5,0.533,0.3,1,0.333,1,1.5,0.667,0.6,0.7,0.7,1,0.3,0.2,0.5,0.8,0.3,0,0.2,0.7,3.7,170107
55,5,Amir Johnson,C,6'9,9-Jun,240,May 1 1987,us,13,,263,31,PHI,51,6,10.4,1.5,3.1,0.503,0.2,0.8,0.3,1.3,2.3,0.573,0.541,0.6,0.8,0.756,0.9,2,2.9,1.2,0.3,0.3,0.9,1.9,3.9,2393887
56,30,Furkan Korkmaz,SG,6'7,7-Jun,190,July 24 1997,tr,1,,286,21,PHI,48,7,14.1,2,5.1,0.4,1,3,0.326,1.1,2.1,0.505,0.496,0.8,0.9,0.818,0.3,1.9,2.2,1.1,0.6,0,0.5,1.3,5.8,1740000
57,51,Boban Marjanovic,C,7'3,3-Jul,290,August 15 1988,rs,3,,325,30,TOT,58,12,11.7,2.8,4.5,0.615,0.1,0.2,0.4,2.7,4.3,0.624,0.623,1.7,2.3,0.748,1.5,3.1,4.6,0.9,0.3,0.5,1,1.6,7.3,9490740
58,18,Shake Milton,SG,6'6,6-Jun,207,September 26 1996,us,0,SMU,352,22,PHI,20,0,13.4,1.7,4.4,0.391,0.7,2.2,0.318,1,2.2,0.465,0.471,0.3,0.4,0.714,0.5,1.3,1.8,0.9,0.4,0.4,0.3,1.5,4.4,77250
59,31,Mike Muscala,PF,6'11,11-Jun,240,July 1 1991,us,5,Bucknell,369,27,TOT,64,10,20.4,2.3,5.6,0.402,1.4,4,0.348,0.9,1.6,0.533,0.525,1.1,1.3,0.824,0.9,2.9,3.8,1.2,0.3,0.6,0.8,2,7,5000000
60,0,Justin Patton,C,7'1,Jul-00,241,June 14 1997,us,1,Creighton,398,21,PHI,3,0,7,0.7,2.3,0.286,0,0.7,0,0.7,1.7,0.4,0.286,0.3,0.7,0.5,0.7,1.3,2,1,0.7,0,0,1.7,1.7,2667600
61,9,Dario Saric,PF,6'10,10-Jun,223,April 8 1994,hr,2,,437,24,TOT,81,41,25,3.8,8.6,0.437,1.5,4,0.365,2.3,4.6,0.499,0.522,1.6,1.9,0.88,1.6,4.1,5.6,1.6,0.6,0.1,1.2,2.2,10.6,2526840
62,1,Mike Scott,PF,6'8,8-Jun,237,July 16 1988,us,6,Virginia,440,30,TOT,79,3,17.7,2.1,5.3,0.4,1.3,3.2,0.401,0.8,2.1,0.399,0.52,0.3,0.4,0.667,0.5,2.9,3.5,0.8,0.3,0.2,0.6,2,5.8,4320500
63,1,Landry Shamet,SG,6'5,5-Jun,188,March 13 1997,us,0,Wichita State,444,21,TOT,79,27,22.8,3,7.1,0.431,2.1,5,0.422,0.9,2,0.453,0.581,0.9,1.2,0.806,0.3,1.4,1.7,1.5,0.5,0.1,0.6,2,9.1,1705920
64,25,Ben Simmons,PG,6'10,10-Jun,230,July 20 1996,au,1,LSU,448,22,PHI,79,79,34.2,6.8,12.2,0.563,0,0.1,0,6.8,12.1,0.566,0.563,3.3,5.4,0.6,2.2,6.6,8.8,7.7,1.4,0.8,3.5,2.6,16.9,6434520
65,14,Jonathon Simmons,SF,6'6,6-Jun,195,September 14 1989,us,3,Houston,449,29,TOT,56,9,19,2.4,6.3,0.38,0.5,1.9,0.269,1.9,4.4,0.427,0.42,1.3,1.7,0.742,0.5,1.8,2.3,2.3,0.5,0.3,1.2,1.6,6.5,6000000
66,8,Zhaire Smith,SG,6'4,4-Jun,199,June 4 1999,us,0,Texas Tech,457,19,PHI,6,2,18.5,2.3,5.7,0.412,1,2.7,0.375,1.3,3,0.444,0.5,1,1.3,0.75,0.5,1.7,2.2,1.7,0.3,0.3,1,1.3,6.7,2615160
67,46,Aron Baynes,C,6'10,10-Jun,260,December 9 1986,nz,6,Washington State,38,32,BOS,51,18,16.1,2.1,4.4,0.471,0.4,1.2,0.344,1.6,3.2,0.519,0.518,1,1.2,0.855,1.7,3,4.7,1.1,0.2,0.7,0.8,2.5,5.6,5193600
68,7,Jaylen Brown,SG,6'7,7-Jun,220,October 24 1996,us,2,Cal,74,22,BOS,74,25,25.9,5,10.7,0.465,1.3,3.7,0.344,3.7,7,0.529,0.525,1.8,2.7,0.658,0.9,3.4,4.2,1.4,0.9,0.4,1.3,2.5,13,5169960
69,50,PJ Dozier,SG,6'6,6-Jun,205,October 25 1996,us,1,South Carolina,145,22,BOS,6,0,8.5,1.3,3.5,0.381,0.3,1.3,0.25,1,2.2,0.462,0.429,0.2,0.3,0.5,1,1.8,2.8,0.8,0.3,0,0,0.3,3.2,77250
70,20,Gordon Hayward,PF,6'8,8-Jun,225,March 23 1990,us,8,Butler,218,28,BOS,72,18,25.9,4.1,8.8,0.466,1.1,3.2,0.333,3,5.6,0.542,0.527,2.2,2.6,0.834,0.7,3.8,4.5,3.4,0.9,0.3,1.5,1.4,11.5,31214295
71,42,Al Horford,C,6'10,10-Jun,245,June 3 1986,do,11,Florida,236,32,BOS,68,68,29,5.7,10.6,0.535,1.1,3,0.36,4.6,7.6,0.604,0.586,1.1,1.4,0.821,1.8,5,6.7,4.2,0.9,1.3,1.5,1.9,13.6,28928710
72,11,Kyrie Irving,PG,6'3,3-Jun,193,March 23 1992,au,7,Duke,249,26,BOS,67,67,33,9,18.5,0.487,2.6,6.5,0.401,6.4,12,0.533,0.557,3.2,3.7,0.873,1.1,3.9,5,6.9,1.5,0.5,2.6,2.5,23.8,20099189
73,13,Marcus Morris,PF,6'9,9-Jun,235,September 2 1989,us,7,Kansas,361,29,BOS,75,53,27.9,5,11.3,0.447,1.9,5.2,0.375,3.1,6.1,0.508,0.533,1.9,2.3,0.844,1,5.1,6.1,1.5,0.6,0.3,1.2,2.4,13.9,5375000
74,37,Semi Ojeleye,PF,6'7,7-Jun,241,December 5 1994,us,1,SMU,385,24,BOS,56,3,10.6,1.2,2.8,0.424,0.5,1.6,0.315,0.7,1.2,0.565,0.513,0.4,0.7,0.615,0.4,1.1,1.5,0.4,0.2,0.1,0.3,0.8,3.3,1378242
75,12,Terry Rozier,PG,6'1,1-Jun,190,March 17 1994,us,3,Louisville,431,24,BOS,79,14,22.7,3.3,8.4,0.387,1.5,4.3,0.353,1.8,4.2,0.422,0.477,0.9,1.2,0.785,0.4,3.5,3.9,2.9,0.9,0.3,0.9,1.3,9,3050389
76,36,Marcus Smart,SG,6'4,4-Jun,220,March 6 1994,us,4,Oklahoma State,452,24,BOS,80,60,27.5,3,7.1,0.422,1.6,4.3,0.364,1.4,2.8,0.511,0.533,1.3,1.6,0.806,0.7,2.2,2.9,4,1.8,0.4,1.5,2.5,8.9,11160716
77,0,Jayson Tatum,SF,6'8,8-Jun,208,March 3 1998,us,1,Duke,466,20,BOS,79,79,31.1,5.9,13.1,0.45,1.5,3.9,0.373,4.4,9.2,0.483,0.506,2.5,2.9,0.855,0.9,5.2,6,2.1,1.1,0.7,1.5,2.1,15.7,6700800
78,27,Daniel Theis,C,6'8,8-Jun,243,April 4 1992,de,1,,472,26,BOS,66,2,13.8,2.2,4,0.549,0.4,1,0.388,1.8,3,0.603,0.598,0.8,1.2,0.737,1.3,2.1,3.4,1,0.3,0.6,0.5,2.4,5.7,1378242
79,9,Brad Wanamaker,PG,6'4,4-Jun,210,July 25 1989,us,0,Pitt,501,29,BOS,36,0,9.5,1.4,2.9,0.476,0.4,1.1,0.41,0.9,1.8,0.515,0.552,0.7,0.8,0.857,0.1,1.1,1.1,1.6,0.3,0.1,0.5,0.9,3.9,838464
80,44,Robert Williams,C,6'10,10-Jun,240,October 17 1997,us,0,Texas A&M,517,21,BOS,32,2,8.8,1.1,1.6,0.706,0,0,0,1.1,1.6,0.706,0.706,0.3,0.5,0.6,0.8,1.7,2.5,0.2,0.3,1.3,0.3,1.1,2.5,1656600
81,30,Guerschon Yabusele,PF,6'8,8-Jun,260,December 17 1995,fr,1,,523,23,BOS,41,1,6.1,0.9,1.9,0.455,0.2,0.7,0.321,0.6,1.2,0.531,0.513,0.4,0.5,0.682,0.6,0.7,1.3,0.4,0.2,0.2,0.4,0.8,2.3,2667600
82,13,Ike Anigbogu,C,6'10,10-Jun,250,October 17 1998,us,1,UCLA,17,20,IND,3,0,2,0,1,0,0,0,0,0,1,0,0,0,0,0,0.3,0.7,1,0.3,0,0.3,0.3,0,0,1349383
83,44,Bojan Bogdanovic,SF,6'8,8-Jun,216,April 18 1989,ba,4,,57,29,IND,81,81,31.8,6.4,13,0.497,2,4.8,0.425,4.4,8.2,0.538,0.575,3,3.8,0.807,0.4,3.7,4.1,2,0.9,0,1.7,1.7,18,10500000
84,2,Darren Collison,PG,6'1,Jun-00,175,August 23 1987,us,9,UCLA,110,31,IND,76,76,28.2,4.1,8.7,0.467,1,2.6,0.407,3,6.1,0.492,0.527,2.1,2.5,0.832,0.5,2.6,3.1,6,1.4,0.1,1.6,1.8,11.2,10000000
85,12,Tyreke Evans,SG,6'6,6-Jun,220,September 19 1989,us,9,Memphis,160,29,IND,69,18,20.3,3.7,9.6,0.389,1.1,3.1,0.356,2.6,6.4,0.405,0.448,1.7,2.3,0.719,0.5,2.4,2.9,2.4,0.8,0.3,1.7,1.7,10.2,12400000
86,3,Aaron Holiday,PG,6'1,1-Jun,185,September 30 1996,us,0,UCLA,229,22,IND,50,0,12.9,2.1,5.2,0.401,0.9,2.5,0.339,1.2,2.7,0.459,0.483,0.8,1,0.82,0.1,1.2,1.3,1.7,0.4,0.3,0.8,1.4,5.9,1914480
87,24,Alize Johnson,PF,6'9,9-Jun,212,April 22 1996,us,0,Missouri State,262,22,IND,14,0,4.6,0.3,1.1,0.25,0.1,0.1,0.5,0.2,1,0.214,0.281,0.3,0.6,0.5,0.3,1.1,1.4,0.1,0.1,0.2,0,0.5,0.9,838464
88,6,Cory Joseph,PG,6'3,3-Jun,193,August 20 1991,ca,7,Texas,277,27,IND,82,9,25.2,2.8,6.7,0.412,0.7,2.1,0.322,2.1,4.6,0.454,0.463,0.4,0.5,0.698,0.5,2.9,3.4,3.9,1.1,0.3,1,1.6,6.5,7945000
89,23,Wesley Matthews,SG,6'5,5-Jun,220,October 14 1986,us,9,Marquette,330,32,TOT,69,68,30.3,4,10.1,0.4,2.2,5.8,0.372,1.9,4.3,0.437,0.507,1.9,2.4,0.81,0.5,2,2.5,2.3,0.8,0.2,1.3,2.3,12.2,19360228
90,20,Doug McDermott,SF,6'8,8-Jun,225,January 3 1992,us,4,Creighton,336,27,IND,77,1,17.4,2.7,5.5,0.491,1.1,2.7,0.408,1.6,2.8,0.569,0.59,0.9,1,0.835,0.2,1.2,1.4,0.9,0.2,0.1,0.5,1.4,7.3,7333334
91,10,Kyle O'Quinn,C,6'10,10-Jun,250,March 26 1990,us,6,Norfolk State,384,28,IND,45,3,8.2,1.5,3,0.507,0,0.3,0.083,1.5,2.8,0.548,0.511,0.4,0.5,0.81,0.6,2,2.6,1.2,0.2,0.6,0.7,1.5,3.5,4449000
92,4,Victor Oladipo,SG,6'4,4-Jun,210,May 4 1992,us,5,Indiana,389,26,IND,36,36,31.9,6.9,16.3,0.423,2.1,6,0.343,4.9,10.3,0.47,0.486,2.9,3.9,0.73,0.6,5,5.6,5.2,1.7,0.3,2.3,2,18.8,21000000
93,32,Davon Reed,SG,6'5,5-Jun,208,June 11 1995,us,1,Miami (FL),418,23,IND,10,0,4.7,0.5,1.2,0.417,0.2,0.4,0.5,0.3,0.8,0.375,0.5,0,0,0,0.2,0.4,0.6,0.3,0.1,0,0.1,0.3,1.2,752250
94,11,Domantas Sabonis,C,6'11,11-Jun,240,May 3 1996,us,2,Gonzaga,434,22,IND,74,5,24.8,5.6,9.5,0.59,0.1,0.2,0.529,5.5,9.2,0.592,0.596,2.8,3.9,0.715,2.5,6.8,9.3,2.9,0.6,0.4,2.2,3.2,14.1,2659800
95,5,Edmond Sumner,PG,6'6,6-Jun,176,December 31 1995,us,1,Xavier,464,23,IND,23,2,9.1,1,2.8,0.344,0.3,1.2,0.259,0.7,1.6,0.405,0.398,0.7,1,0.625,0.4,0.7,1,0.4,0.5,0.2,0.4,1.1,2.9,449794
96,33,Myles Turner,C,6'11,11-Jun,250,March 24 1996,us,3,Texas,485,22,IND,74,74,28.6,5.1,10.5,0.487,1,2.6,0.388,4.1,7.9,0.521,0.536,2,2.7,0.736,1.4,5.8,7.2,1.6,0.8,2.7,1.4,2.6,13.3,3294994
97,21,Thaddeus Young,PF,6'8,8-Jun,221,June 21 1988,us,11,Georgia Tech,525,30,IND,81,81,30.7,5.5,10.4,0.527,0.6,1.8,0.349,4.8,8.6,0.564,0.557,1.1,1.7,0.644,2.4,4.1,6.5,2.5,1.5,0.4,1.5,2.4,12.6,13764045
98,31,Jarrett Allen,C,6'11,11-Jun,237,April 21 1998,us,1,Texas,11,20,BRK,80,80,26.2,4.2,7.1,0.59,0.1,0.6,0.133,4.1,6.5,0.629,0.595,2.5,3.5,0.709,2.4,6,8.4,1.4,0.5,1.5,1.3,2.3,10.9,2034120
99,9,DeMarre Carroll,PF,6'8,8-Jun,215,July 27 1986,us,9,Vanderbilt Missouri,90,32,BRK,67,8,25.4,3.4,8.6,0.395,1.6,4.6,0.342,1.8,4,0.457,0.487,2.7,3.6,0.76,1,4.2,5.2,1.3,0.5,0.1,1.1,1.7,11.1,15400000
100,33,Allen Crabbe,SG,6'6,6-Jun,212,April 9 1992,us,5,Cal,117,26,BRK,43,20,26.3,3.2,8.7,0.367,2.3,6,0.378,0.9,2.7,0.342,0.499,1,1.3,0.732,0.4,3.1,3.4,1.1,0.5,0.3,1.1,2.4,9.6,19332500
101,55,Mitch Creek,SF,6'5,5-Jun,216,April 27 1992,au,0,,120,26,TOT,5,0,9.6,1.6,3.2,0.5,0,0.4,0,1.6,2.8,0.571,0.5,1,1.4,0.714,1.2,1.2,2.4,1.2,0.4,0,0.2,0.6,4.2,56845
102,17,Ed Davis,C,6'10,10-Jun,225,June 5 1989,us,8,UNC,128,29,BRK,81,1,17.9,2.3,3.7,0.616,0,0,0,2.3,3.7,0.62,0.616,1.2,2,0.617,2.7,5.9,8.6,0.8,0.4,0.4,0.8,2.8,5.8,4449000
103,8,Spencer Dinwiddie,PG,6'6,6-Jun,210,April 6 1993,us,4,Colorado,140,25,BRK,68,4,28.1,5.4,12.2,0.442,1.8,5.4,0.335,3.6,6.7,0.528,0.517,4.2,5.2,0.806,0.4,2.1,2.4,4.6,0.6,0.3,2.2,2.8,16.8,1656092
104,6,Jared Dudley,PF,6'7,7-Jun,237,July 10 1985,us,11,Boston College,148,33,BRK,59,25,20.7,1.7,4.1,0.423,0.9,2.6,0.351,0.8,1.5,0.545,0.533,0.5,0.8,0.696,0.6,2.1,2.6,1.4,0.6,0.3,0.7,2.2,4.9,9530000
105,35,Kenneth Faried,C,6'8,8-Jun,220,November 19 1989,us,7,Morehead State University,162,29,TOT,37,13,19.7,4.2,7.2,0.589,0.2,0.7,0.32,4,6.5,0.617,0.604,1.7,2.7,0.646,2.6,4.1,6.8,0.5,0.5,0.6,0.9,2.2,10.4,14242782
106,21,Treveon Graham,SG,6'5,5-Jun,225,October 28 1993,us,2,Virginia Commonwealth,193,25,BRK,35,21,20.4,1.8,5.5,0.335,1.1,3.7,0.297,0.7,1.8,0.413,0.435,0.5,0.6,0.818,0.7,2.4,3.1,1,0.4,0.2,0.5,1.9,5.3,1512601
107,12,Joe Harris,SG,6'6,6-Jun,218,September 6 1991,us,4,Virginia,211,27,BRK,76,76,30.2,4.9,9.8,0.5,2.4,5.1,0.474,2.5,4.8,0.528,0.622,1.4,1.8,0.827,0.7,3.1,3.8,2.4,0.5,0.2,1.6,2.4,13.7,8333333
108,24,Rondae Hollis-Jefferson,SF,6'7,7-Jun,217,January 3 1995,us,3,Arizona,233,24,BRK,59,21,20.9,3.4,8.3,0.411,0.2,0.8,0.184,3.2,7.4,0.436,0.42,2,3.1,0.645,1.4,3.8,5.3,1.6,0.7,0.5,1.2,1.8,8.9,2470356
109,0,Rodions Kurucs,SF,6'9,9-Jun,210,February 5 1998,lv,0,,290,20,BRK,63,46,20.5,3.2,7.1,0.45,0.9,2.9,0.315,2.3,4.2,0.543,0.514,1.1,1.5,0.783,0.9,3,3.9,0.8,0.7,0.4,1.2,2.3,8.5,1690000
110,22,Caris LeVert,SF,6'7,7-Jun,204,August 25 1994,us,2,Michigan,304,24,BRK,40,25,26.6,5.2,12.1,0.429,1.2,3.9,0.312,4,8.2,0.483,0.478,2.1,3.1,0.691,0.9,2.9,3.8,3.9,1.1,0.4,1.7,1.9,13.7,1702800
111,0,Tahjere McCall,SG,6'5,5-Jun,195,August 17 1994,us,0,Tennessee State,332,24,BRK,1,0,8,2,3,0.667,0,1,0,2,2,1,0.667,0,1,0,0,1,1,0,0,0,0,2,4,47370
112,30,Dzanan Musa,SG,6'9,9-Jun,208,May 8 1999,ba,0,,368,19,BRK,9,0,4.3,1,2.4,0.409,0.1,1.1,0.1,0.9,1.3,0.667,0.432,0,0.2,0,0.1,0.4,0.6,0.2,0.2,0,0.4,0.1,2.1,1634400
113,13,Shabazz Napier,PG,6'1,1-Jun,180,July 14 1991,us,4,UConn,373,27,BRK,56,2,17.6,3,7.8,0.389,1.4,4.1,0.333,1.7,3.7,0.449,0.476,2.1,2.5,0.833,0.3,1.5,1.8,2.6,0.7,0.3,1.2,1.2,9.4,1942422
114,10,Theo Pinson,SG,6'6,6-Jun,218,November 5 1995,us,0,UNC,403,23,BRK,18,0,11.7,1.4,4.1,0.342,0.7,2.6,0.261,0.7,1.5,0.481,0.425,1.1,1.2,0.864,0.2,1.8,2,1.2,0.3,0,1,0.8,4.5,77250
115,1,D'Angelo Russell,PG,6'5,5-Jun,198,February 23 1996,us,3,Ohio State,433,22,BRK,81,81,30.2,8.1,18.7,0.434,2.9,7.8,0.369,5.2,10.9,0.482,0.512,2,2.5,0.78,0.7,3.2,3.9,7,1.2,0.2,3.1,1.7,21.1,7019698
116,15,Alan Williams,PF,6'8,8-Jun,265,January 28 1993,us,3,University of California Santa Barbara,511,26,BRK,5,0,5.2,1.6,2.6,0.615,0,0.2,0,1.6,2.4,0.667,0.615,0.4,0.8,0.5,0.8,3,3.8,0.6,0.2,0,0.2,0.4,3.6,77250
117,5,Mo Bamba,C,7'1,1-Jul,241,May 12 1998,us,0,Texas,31,20,ORL,47,1,16.3,2.5,5.2,0.481,0.4,1.5,0.3,2,3.7,0.555,0.525,0.8,1.3,0.587,1.4,3.6,5,0.8,0.3,1.4,0.9,2.2,6.2,4871280
118,24,Khem Birch,C,6'9,9-Jun,233,September 28 1992,ca,1,Pitt UNLV,50,26,ORL,50,1,12.9,1.8,3,0.603,0,0,0,1.8,3,0.607,0.603,1.2,1.7,0.699,1.6,2.2,3.8,0.8,0.4,0.6,0.4,1.4,4.8,1378242
119,13,Isaiah Briscoe,PG,6'3,3-Jun,215,April 13 1996,us,0,Kentucky,68,22,ORL,39,0,14.3,1.4,3.5,0.399,0.3,0.9,0.324,1.1,2.7,0.423,0.438,0.4,0.7,0.577,0.1,1.8,1.9,2.2,0.3,0.1,0.8,1.7,3.5,838464
120,7,Michael Carter-Williams,PG,6'6,6-Jun,190,October 10 1991,us,5,Syracuse,94,27,TOT,28,1,13.3,1.6,4.4,0.374,0.4,1.4,0.263,1.3,3,0.424,0.415,1.1,1.9,0.604,0.7,1.8,2.5,2.5,0.7,0.5,0.7,1.7,4.8,1468082
121,3,Troy Caupain,PG,6'4,4-Jun,210,November 29 1995,us,0,Cincinnati,98,23,ORL,4,0,4,1,2,0.5,0.5,0.8,0.667,0.5,1.3,0.4,0.625,0,0,0,0.3,0.5,0.8,1,0.3,0,0,0,2.5,77250
122,10,Evan Fournier,SG,6'7,7-Jun,205,October 29 1992,fr,6,,170,26,ORL,81,81,31.5,5.8,13.2,0.438,1.9,5.6,0.34,3.9,7.6,0.509,0.509,1.7,2.1,0.806,0.5,2.7,3.2,3.6,0.9,0.1,1.9,2.8,15.1,17000000
123,35,Melvin Frazier,SG,6'6,6-Jun,200,August 30 1996,us,0,Tulane,172,22,ORL,10,0,4.4,0.7,2.1,0.333,0,0.6,0,0.7,1.5,0.467,0.333,0.1,0.4,0.25,0.3,0.2,0.5,0.1,0.1,0,0.1,0.6,1.5,1050000
124,0,Aaron Gordon,PF,6'9,9-Jun,220,September 16 1995,us,4,Arizona,189,23,ORL,78,78,33.8,6,13.4,0.449,1.6,4.4,0.349,4.5,9,0.499,0.507,2.4,3.2,0.731,1.7,5.7,7.4,3.7,0.7,0.7,2.1,2.2,16,21590909
125,22,Jerian Grant,PG,6'4,4-Jun,205,October 9 1992,us,3,Notre Dame,195,26,ORL,60,1,15.7,1.5,3.7,0.418,0.7,1.8,0.364,0.9,1.8,0.473,0.509,0.4,0.7,0.65,0.3,1.3,1.6,2.6,0.7,0.1,0.9,1.3,4.2,2639313
126,1,Jonathan Isaac,PF,6'10,10-Jun,210,October 3 1997,us,1,Florida State,250,21,ORL,75,64,26.6,3.5,8.1,0.429,1.1,3.5,0.323,2.3,4.6,0.51,0.499,1.5,1.8,0.815,1.3,4.2,5.5,1.1,0.8,1.3,1,1.9,9.6,4969080
127,25,Wesley Iwundu,SF,6'7,7-Jun,195,December 20 1994,us,1,Kansas State,251,24,ORL,68,13,18.1,1.7,4,0.412,0.4,1.2,0.367,1.2,2.9,0.431,0.465,1.2,1.5,0.816,0.5,2.2,2.7,1.1,0.4,0.3,0.6,1.8,5,1378242
128,11,Amile Jefferson,PF,6'9,9-Jun,222,May 7 1993,us,0,Duke,259,25,ORL,12,0,5.7,0.8,1.3,0.625,0,0,0,0.8,1.3,0.625,0.625,0.6,0.7,0.875,0.5,1.3,1.8,0.3,0.3,0.3,0.1,0.7,2.3,77250
129,2,Jarell Martin,PF,6'10,10-Jun,239,May 24 1994,us,3,LSU,327,24,ORL,42,1,7.8,1,2.5,0.413,0.5,1.4,0.351,0.5,1.1,0.489,0.51,0.2,0.3,0.818,0.3,1.5,1.7,0.4,0.1,0.2,0.3,1.2,2.7,2416221
130,31,Terrence Ross,SG,6'7,7-Jun,206,February 5 1991,us,6,Washington,430,27,ORL,81,0,26.5,5.4,12.7,0.428,2.7,7,0.383,2.8,5.7,0.484,0.534,1.6,1.8,0.875,0.3,3.1,3.5,1.7,0.9,0.4,1.1,1.5,15.1,10500000
131,9,Nikola Vucevic,C,7'1,Jul-00,260,October 24 1990,ch,7,USC,492,28,ORL,80,80,31.4,8.8,16.9,0.518,1.1,2.9,0.364,7.7,14,0.549,0.549,2.2,2.8,0.789,2.8,9.2,12,3.8,1,1.1,2,2,20.8,12750000
132,6,Bruce Brown,SG,6'5,5-Jun,202,August 15 1996,us,0,Miami (FL),73,22,DET,74,56,19.6,1.7,4.2,0.398,0.3,1.3,0.258,1.4,3,0.457,0.436,0.6,0.8,0.75,0.6,1.9,2.5,1.2,0.5,0.5,0.6,2.4,4.3,838464
133,25,Reggie Bullock,SG,6'7,7-Jun,205,March 16 1991,us,5,UNC,80,27,TOT,63,60,29.8,3.9,9.4,0.412,2.3,6.2,0.377,1.5,3.2,0.483,0.537,1.2,1.3,0.859,0.3,2.4,2.7,2,0.6,0.2,1,1.7,11.3,2500000
134,81,Jose Calderon,PG,6'3,3-Jun,200,September 28 1981,es,13,,86,37,DET,49,0,12.9,0.9,2.4,0.375,0.3,1.2,0.246,0.6,1.3,0.492,0.433,0.2,0.2,0.818,0.2,1,1.2,2.3,0.3,0.1,0.7,1.3,2.3,2393887
135,0,Andre Drummond,C,6'11,11-Jun,279,August 10 1993,us,6,UConn,147,25,DET,79,79,33.5,7.1,13.3,0.533,0.1,0.5,0.132,7,12.8,0.548,0.536,3.1,5.2,0.59,5.4,10.2,15.6,1.4,1.7,1.7,2.2,3.4,17.3,25434262
136,8,Henry Ellenson,PF,6'11,11-Jun,245,January 13 1997,us,2,Marquette,153,22,TOT,19,0,13.6,2.1,5,0.411,0.9,2,0.447,1.2,3,0.386,0.5,1,1.3,0.76,0.3,3.2,3.5,0.8,0.4,0.1,0.5,1.4,6,2199311
137,20,Wayne Ellington,SG,6'5,5-Jun,200,November 29 1987,us,9,UNC,154,31,TOT,53,38,24.5,3.5,8.6,0.403,2.6,7,0.371,0.9,1.6,0.541,0.554,0.7,0.9,0.796,0.3,1.8,2,1.4,1,0.1,0.8,1.7,10.3,8653076
138,9,Langston Galloway,SG,6'2,2-Jun,200,December 9 1991,us,4,Saint Joseph's,178,27,DET,80,4,21.8,2.9,7.3,0.388,1.7,4.8,0.355,1.2,2.6,0.449,0.503,1,1.2,0.844,0.6,1.5,2.1,1.1,0.5,0.1,0.3,1.7,8.4,7000000
139,23,Blake Griffin,PF,6'10,10-Jun,250,March 16 1989,us,8,Oklahoma,202,29,DET,75,75,35,8.3,17.9,0.462,2.5,7,0.362,5.7,10.9,0.525,0.532,5.5,7.3,0.753,1.3,6.2,7.5,5.4,0.7,0.4,3.4,2.7,24.5,31873932
140,1,Reggie Jackson,PG,6'3,3-Jun,208,April 16 1990,it,7,Boston College,257,28,DET,82,82,27.9,5.4,12.8,0.421,2.1,5.7,0.369,3.3,7,0.464,0.504,2.5,2.9,0.864,0.5,2.1,2.6,4.2,0.7,0.1,1.8,2.5,15.4,17043478
141,7,Stanley Johnson,SF,6'7,7-Jun,245,May 29 1996,us,3,Arizona,266,22,TOT,66,7,18.3,2.6,6.7,0.389,0.9,3.3,0.288,1.7,3.4,0.484,0.459,0.8,1,0.781,0.5,2.8,3.3,1.3,0.9,0.2,1.2,1.7,6.9,3940401
142,5,Luke Kennard,SG,6'5,5-Jun,206,June 24 1996,us,1,Duke,280,22,DET,63,10,22.8,3.6,8.3,0.438,1.7,4.3,0.394,1.9,4,0.486,0.54,0.8,1,0.836,0.2,2.7,2.9,1.8,0.4,0.2,0.9,1.5,9.7,3275280
143,30,Jon Leuer,PF,6'10,10-Jun,228,May 14 1989,us,7,Wisconsin,303,29,DET,41,1,9.8,1.6,2.8,0.584,0,0.3,0.091,1.6,2.5,0.637,0.588,0.6,0.8,0.742,0.7,1.7,2.4,0.3,0.3,0.1,0.6,1.5,3.8,10002681
144,18,Zach Lofton,SG,6'4,4-Jun,180,November 18 1992,us,0,Illinois State University Texas Southern University New Mexico State,308,26,DET,1,0,4,0,1,0,0,1,0,0,0,0,0,0,0,0,0,0,0,0,1,0,1,0,0,77250
145,24,Kalin Lucas,PG,6'1,1-Jun,195,May 24 1989,us,1,Michigan State,315,29,DET,1,0,6,0,1,0,0,1,0,0,0,0,0,2,2,1,0,3,3,1,0,0,0,1,2,648008
146,19,Sviatoslav Mykhailiuk,SF,6'8,8-Jun,205,June 10 1997,ua,0,Kansas,370,21,TOT,42,0,10.5,1.1,3.3,0.329,0.7,2.1,0.326,0.4,1.2,0.333,0.432,0.3,0.5,0.6,0.2,0.6,0.9,0.9,0.3,0,0.5,0.6,3.2,1487694
147,27,Zaza Pachulia,C,6'11,11-Jun,270,February 10 1984,ge,15,,393,34,DET,68,3,12.9,1.3,2.8,0.44,0,0.1,0,1.3,2.8,0.45,0.44,1.4,1.8,0.782,1.5,2.4,3.9,1.3,0.5,0.3,0.8,2.2,3.9,2393887
148,13,Khyri Thomas,SG,6'3,3-Jun,210,May 8 1996,us,0,Creighton,474,22,DET,26,0,7.5,0.8,2.7,0.319,0.4,1.3,0.286,0.5,1.3,0.353,0.391,0.3,0.4,0.636,0.2,0.6,0.8,0.3,0.3,0.2,0.2,0.8,2.3,838464
149,7,Dwayne Bacon,SG,6'7,7-Jun,221,August 30 1995,us,1,Florida State,26,23,CHO,43,13,17.7,2.8,6,0.475,0.9,2,0.437,2,4,0.494,0.549,0.8,1.1,0.739,0.2,1.9,2.1,1.1,0.3,0.1,0.4,1.7,7.3,1378242
150,5,Nicolas Batum,SF,6'8,8-Jun,200,December 14 1988,fr,10,,36,30,CHO,75,72,31.4,3.4,7.5,0.45,1.5,4,0.389,1.8,3.5,0.519,0.553,1,1.2,0.865,0.9,4.3,5.2,3.3,0.9,0.6,1.6,1.9,9.3,24000000
151,8,Bismack Biyombo,C,6'9,9-Jun,255,August 28 1992,cd,7,,51,26,CHO,54,32,14.5,1.6,2.9,0.571,0,0,0,1.6,2.9,0.571,0.571,1.1,1.7,0.637,1.5,3.1,4.6,0.6,0.2,0.8,0.6,1.9,4.4,17000000
152,0,Miles Bridges,SF,6'7,7-Jun,225,March 21 1998,us,0,Michigan State,67,20,CHO,80,25,21.2,3,6.4,0.464,0.8,2.5,0.325,2.2,3.9,0.553,0.527,0.7,1,0.753,0.8,3.2,4,1.2,0.7,0.6,0.6,1.4,7.5,3206640
153,31,Joe Chealey,PG,6'3,3-Jun,190,November 1 1995,us,0,College of Charleston,102,23,CHO,1,0,8,1,3,0.333,0,0,0,1,3,0.333,0.333,0,0,0,0,0,0,1,0,0,0,1,2,77250
154,41,Willy Hernangomez,C,6'11,11-Jun,240,May 27 1994,es,2,,221,24,CHO,58,3,14,2.6,5.1,0.519,0.3,0.7,0.385,2.4,4.4,0.539,0.544,1.7,2.5,0.694,2,3.3,5.4,1,0.3,0.3,1,1.7,7.3,1496500
155,44,Frank Kaminsky,C,7'1,Jul-00,242,April 4 1993,us,3,Wisconsin,278,25,CHO,47,0,16.1,2.9,6.3,0.463,1.1,3,0.36,1.9,3.4,0.553,0.547,1.7,2.3,0.738,0.8,2.6,3.5,1.3,0.3,0.3,0.9,1.4,8.6,3627842
156,14,Michael Kidd-Gilchrist,PF,6'7,7-Jun,232,September 26 1993,us,6,Kentucky,281,25,CHO,64,3,18.4,2.5,5.2,0.476,0.3,0.7,0.34,2.2,4.5,0.498,0.5,1.5,1.9,0.772,1.4,2.5,3.8,1,0.5,0.6,0.7,2.4,6.7,13000000
157,3,Jeremy Lamb,SG,6'5,5-Jun,185,May 30 1992,us,6,UConn,293,26,CHO,79,55,28.5,5.5,12.4,0.44,1.5,4.2,0.348,4,8.2,0.487,0.499,2.9,3.3,0.888,0.8,4.7,5.5,2.2,1.1,0.4,1,1.8,15.3,7000000
158,6,Shelvin Mack,PG,6'3,3-Jun,203,April 22 1990,us,7,Butler,320,28,TOT,57,3,21.9,2.9,7.1,0.404,0.8,2.3,0.354,2.1,4.8,0.429,0.462,1,1.5,0.69,0.3,1.5,1.8,3.2,0.8,0.1,1.2,1.5,7.5,2512601
159,1,Malik Monk,SG,6'3,3-Jun,200,February 4 1998,us,1,Kentucky,356,20,CHO,73,0,17.2,3.1,8,0.387,1.5,4.5,0.33,1.6,3.5,0.461,0.48,1.2,1.4,0.882,0.2,1.7,1.9,1.6,0.5,0.3,1.2,1.5,8.9,3447480
160,9,Tony Parker,PG,6'2,2-Jun,185,May 17 1982,be,17,,395,36,CHO,56,0,17.9,3.8,8.3,0.46,0.2,0.9,0.255,3.6,7.4,0.485,0.474,1.6,2.2,0.734,0.3,1.2,1.5,3.7,0.4,0.1,1.3,0.9,9.5,5000000
161,15,Kemba Walker,PG,6'1,1-Jun,184,May 8 1990,us,7,UConn,496,28,CHO,82,82,34.9,8.9,20.5,0.434,3.2,8.9,0.356,5.7,11.6,0.494,0.511,4.6,5.5,0.844,0.6,3.8,4.4,5.9,1.2,0.4,2.6,1.6,25.6,12000000
162,2,Marvin Williams,PF,6'9,9-Jun,237,June 19 1986,us,13,UNC,516,32,CHO,75,75,28.4,3.7,8.7,0.422,1.9,5.1,0.366,1.8,3.6,0.5,0.529,0.9,1.1,0.767,1,4.4,5.4,1.2,0.9,0.8,0.6,2.1,10.1,14087500
163,40,Cody Zeller,C,7'1,Jul-00,240,October 5 1992,us,5,Indiana,527,26,CHO,49,47,25.4,3.9,7,0.551,0.1,0.4,0.273,3.8,6.6,0.57,0.559,2.3,2.9,0.787,2.2,4.6,6.8,2.1,0.8,0.8,1.3,3.3,10.1,13528090
164,13,Bam Adebayo,C,6'10,10-Jun,255,July 18 1997,us,1,Kentucky,5,21,MIA,82,28,23.3,3.4,5.9,0.576,0,0.2,0.2,3.4,5.7,0.588,0.579,2,2.8,0.735,2,5.3,7.3,2.2,0.9,0.8,1.5,2.5,8.9,2955840
165,31,Ryan Anderson,PF,6'10,10-Jun,240,May 6 1988,us,10,Cal,16,30,TOT,25,8,12.9,0.8,2.8,0.304,0.4,1.6,0.225,0.5,1.2,0.414,0.37,0.5,0.6,0.75,0.7,1.4,2.2,0.8,0.2,0,0.6,1,2.5,20421546
166,7,Goran Dragic,PG,6'3,3-Jun,190,May 6 1986,si,10,,146,32,MIA,36,22,27.5,5,12,0.413,1.6,4.6,0.348,3.4,7.5,0.454,0.479,2.2,2.8,0.782,0.6,2.5,3.1,4.8,0.8,0.1,2,2.3,13.7,18109175
167,40,Udonis Haslem,C,6'8,8-Jun,235,June 9 1980,us,15,Florida,217,38,MIA,10,1,7.4,1.1,3.3,0.333,0,1.2,0,1.1,2.1,0.524,0.333,0.3,0.4,0.75,0.3,2.4,2.7,0.2,0,0,0.3,0.9,2.5,2393887
168,16,James Johnson,PF,6'8,8-Jun,240,February 20 1987,us,9,Wake Forest,265,31,MIA,55,33,21.2,3,6.9,0.433,0.9,2.7,0.336,2.1,4.2,0.496,0.499,0.9,1.3,0.714,0.4,2.8,3.2,2.5,0.6,0.5,1.3,2.1,7.8,14420700
169,8,Tyler Johnson,PG,6'4,4-Jun,190,May 7 1992,us,4,Fresno State,267,26,TOT,57,22,26.8,3.8,9.2,0.413,1.6,4.6,0.346,2.2,4.7,0.477,0.498,1.7,2.2,0.748,0.6,2.4,3,2.9,0.9,0.5,1.4,1.7,10.9,19245370
170,5,Derrick Jones,SF,6'7,7-Jun,200,February 15 1997,us,2,UNLV,271,21,MIA,60,14,19.2,2.7,5.4,0.494,0.5,1.5,0.308,2.2,3.9,0.567,0.537,1.2,2,0.607,1.6,2.4,4,0.6,0.8,0.7,0.7,2.1,7,1512601
171,0,Yante Maten,PF,6'8,8-Jun,240,August 14 1996,us,0,Georgia,329,22,MIA,2,0,6.5,0.5,2,0.25,0,0.5,0,0.5,1.5,0.333,0.25,0,0,0,0.5,1,1.5,0,0.5,0,0,0,1,385000
172,17,Rodney McGruder,SG,6'4,4-Jun,200,July 29 1991,us,2,Kansas State,338,27,MIA,66,45,23.5,2.8,7,0.403,1.2,3.4,0.351,1.6,3.6,0.453,0.489,0.8,1.1,0.722,0.9,2.7,3.6,1.7,0.5,0.2,1,1.7,7.6,1544951
173,9,Kelly Olynyk,PF,7'1,Jul-00,240,April 19 1991,ca,5,Gonzaga,390,27,MIA,79,36,22.9,3.3,7.1,0.463,1.4,4,0.354,1.9,3.1,0.604,0.563,1.9,2.3,0.822,0.9,3.8,4.7,1.8,0.7,0.5,1.4,2.3,10,13537527
174,0,Josh Richardson,SG,6'6,6-Jun,200,September 15 1993,us,3,Tennessee,420,25,MIA,73,73,34.8,5.8,14.1,0.412,2.2,6.3,0.357,3.5,7.8,0.458,0.492,2.7,3.2,0.861,0.7,2.9,3.6,4.1,1.1,0.5,1.5,2.7,16.6,9367200
175,55,Duncan Robinson,PF,6'8,8-Jun,210,April 22 1994,us,0,Williams Michigan,424,24,MIA,15,1,10.7,1.2,3.1,0.391,0.7,2.3,0.286,0.5,0.7,0.727,0.5,0.3,0.4,0.667,0.1,1.1,1.3,0.3,0.3,0,0.3,0.7,3.3,77250
176,12,Emanuel Terry,PF,6'9,9-Jun,220,August 21 1996,us,0,Lincoln Memorial University,471,22,TOT,3,0,7.7,1.3,2.3,0.571,0,0,0,1.3,2.3,0.571,0.571,0.7,1.3,0.5,1,1.3,2.3,0.7,1,0,0.7,1.3,3.3,94740
177,3,Dwyane Wade,SG,6'4,4-Jun,220,January 17 1982,us,15,Marquette,493,37,MIA,72,2,26.2,5.8,13.3,0.433,1.2,3.6,0.33,4.6,9.7,0.472,0.478,2.3,3.2,0.708,1,3,4,4.2,0.8,0.5,2.3,1.6,15,2393887
178,11,Dion Waiters,SG,6'4,4-Jun,215,December 10 1991,us,6,Syracuse,495,27,MIA,44,28,25.9,4.5,10.9,0.414,2.5,6.6,0.377,2,4.3,0.471,0.528,0.5,1,0.5,0.2,2.5,2.6,2.8,0.7,0.2,1.5,1.6,12,12705000
179,21,Hassan Whiteside,C,7'1,Jul-00,265,June 13 1989,us,6,Marshall,509,29,MIA,72,53,23.3,5.4,9.4,0.571,0,0.2,0.125,5.4,9.2,0.581,0.572,1.5,3.4,0.449,3.6,7.8,11.3,0.8,0.6,1.9,1.3,2.7,12.3,24434262
180,20,Justise Winslow,SF,6'7,7-Jun,225,March 26 1996,us,3,Duke,520,22,MIA,66,52,29.7,4.9,11.3,0.433,1.5,3.9,0.375,3.5,7.5,0.462,0.497,1.3,2.1,0.628,1,4.4,5.4,4.3,1.1,0.3,2.2,2.7,12.6,3448926
181,1,Trevor Ariza,SF,6'8,8-Jun,215,June 30 1985,us,14,UCLA,23,33,TOT,69,69,34,4.3,10.7,0.399,2.1,6.3,0.334,2.2,4.4,0.493,0.498,1.9,2.4,0.793,0.7,4.7,5.4,3.7,1.3,0.3,1.5,1.9,12.5,15000000
182,84,Ron Baker,SG,6'4,4-Jun,220,March 30 1993,us,2,Wichita State,28,25,TOT,15,0,10.1,0.3,1.3,0.2,0.1,0.9,0.077,0.2,0.5,0.429,0.225,0.3,0.4,0.833,0.1,0.7,0.7,1,0.4,0.1,0.3,1.2,0.9,4697823
183,3,Bradley Beal,SG,6'5,5-Jun,207,June 28 1993,us,6,Florida,40,25,WAS,82,82,36.9,9.3,19.6,0.475,2.5,7.3,0.351,6.8,12.4,0.548,0.54,4.4,5.5,0.808,1.1,3.9,5,5.5,1.5,0.7,2.7,2.8,25.6,25434262
184,6,Troy Brown,SF,6'7,7-Jun,215,July 28 1999,us,0,Oregon,77,19,WAS,52,10,14,1.9,4.5,0.415,0.4,1.3,0.319,1.4,3.2,0.455,0.462,0.6,0.9,0.681,0.7,2.1,2.8,1.5,0.4,0.1,0.6,1.1,4.8,2752680
185,13,Thomas Bryant,C,6'11,11-Jun,248,July 31 1997,us,1,Indiana,79,21,WAS,72,53,20.8,4.3,7,0.616,0.5,1.4,0.333,3.8,5.6,0.685,0.648,1.5,1.9,0.781,1.6,4.7,6.3,1.3,0.3,0.9,0.8,1.8,10.5,1378242
186,8,Sam Dekker,PF,6'9,9-Jun,230,May 6 1994,us,3,Wisconsin,131,24,TOT,47,5,16.8,2.6,5.4,0.469,0.4,1.3,0.306,2.1,4.1,0.521,0.506,0.6,1,0.609,1.1,2,3.1,1,0.8,0.1,0.5,1,6.1,2760094
187,32,Jeff Green,PF,6'9,9-Jun,235,August 28 1986,us,10,Georgetown,201,32,WAS,77,44,27.2,4.2,8.9,0.475,1.4,4.2,0.347,2.8,4.8,0.586,0.555,2.4,2.7,0.888,0.7,3.3,4,1.8,0.6,0.5,1.3,2.1,12.3,2393887
188,21,Dwight Howard,C,6'11,11-Jun,265,December 8 1985,us,14,,238,33,WAS,9,9,25.6,4.8,7.7,0.623,0,0,0,4.8,7.7,0.623,0.623,3.2,5.3,0.604,2.7,6.6,9.2,0.4,0.8,0.4,1.8,3.8,12.8,24256725
189,20,John Jenkins,SG,6'4,4-Jun,215,March 6 1991,us,5,Vanderbilt,260,27,TOT,26,0,12.8,1.6,4,0.4,0.8,2.2,0.379,0.8,1.8,0.426,0.505,0.6,0.7,0.833,0.2,1.2,1.4,0.8,0,0.1,0.3,0.4,4.7,585809
190,4,Wesley Johnson,SF,6'7,7-Jun,215,July 11 1987,us,8,Iowa State Syracuse,268,31,TOT,38,13,14.1,1.2,3.4,0.352,0.7,2,0.329,0.5,1.4,0.385,0.449,0.3,0.5,0.684,0.3,1.6,1.9,0.6,0.4,0.3,0.5,1.7,3.4,6134000
191,28,Ian Mahinmi,C,6'11,11-Jun,262,November 5 1986,fr,10,,323,32,WAS,34,6,14.6,1.4,3.1,0.452,0.1,0.5,0.188,1.3,2.6,0.5,0.466,1.2,1.8,0.689,1.4,2.4,3.8,0.7,0.7,0.5,0.6,2.5,4.1,16000000
192,52,Jordan McRae,SG,6'5,5-Jun,179,March 28 1991,us,2,Tennessee,341,27,WAS,27,0,12.3,2.3,4.8,0.469,0.4,1.3,0.286,1.9,3.5,0.537,0.508,1,1.3,0.8,0.2,1.3,1.5,1.1,0.5,0.3,0.6,1,5.9,77250
193,5,Markieff Morris,PF,6'10,10-Jun,245,September 2 1989,us,7,Kansas,362,29,TOT,58,16,21.9,3.5,8.3,0.421,1.2,3.5,0.335,2.3,4.8,0.484,0.492,1.2,1.6,0.772,1.1,3.5,4.6,1.4,0.6,0.4,0.9,3,9.4,9173294
194,12,Kelly Oubre,SF,6'7,7-Jun,205,December 9 1995,us,3,Kansas,392,23,TOT,69,19,28,5.4,12.2,0.445,1.6,4.9,0.32,3.9,7.3,0.53,0.51,2.7,3.5,0.775,1,3.7,4.7,1.2,1.2,0.9,1.5,2.6,15.2,3208630
195,12,Jabari Parker,PF,6'8,8-Jun,245,March 15 1995,us,4,Duke,394,23,TOT,64,17,26.9,5.8,11.7,0.493,1,3,0.313,4.8,8.7,0.556,0.533,2,2.9,0.712,1.2,5.3,6.6,2.4,0.7,0.5,2.4,2.3,14.5,20000000
196,22,Otto Porter,SF,6'8,8-Jun,198,June 3 1993,us,5,Georgetown,408,25,TOT,56,43,30.1,5.3,11.5,0.465,1.9,4.6,0.406,3.5,6.9,0.504,0.546,1.4,1.7,0.813,1,4.6,5.6,2.1,1.5,0.6,1.2,1.9,13.9,26011913
197,5,Bobby Portis,PF,6'11,11-Jun,250,February 10 1995,us,3,Arkansas,409,23,TOT,50,28,26,5.6,12.6,0.444,1.5,3.8,0.393,4.1,8.7,0.467,0.504,1.5,1.9,0.794,2.2,5.9,8.1,1.4,0.7,0.4,1.5,2.9,14.2,2494346
198,9,Chasson Randle,PG,6'2,2-Jun,185,February 5 1993,us,1,Stanford,415,25,WAS,49,2,15.2,1.9,4.4,0.419,0.9,2.3,0.4,0.9,2.1,0.441,0.525,0.9,1.3,0.694,0.2,0.9,1.1,2,0.5,0.1,0.9,1.9,5.5,975824
199,1,Austin Rivers,SG,6'4,4-Jun,200,August 1 1992,us,6,Duke,422,26,TOT,76,15,26.7,3.1,7.5,0.406,1.4,4.3,0.318,1.7,3.2,0.522,0.497,0.7,1.3,0.526,0.3,1.8,2.1,2.2,0.6,0.3,0.9,2.7,8.1,13155324
200,7,Devin Robinson,SF,6'8,8-Jun,200,March 7 1995,us,1,Florida,423,23,WAS,7,0,13.6,2.7,4.6,0.594,0,0.3,0,2.7,4.3,0.633,0.594,1.3,2,0.643,0.9,2,2.9,0.9,0.6,0.9,0.3,1.6,6.7,77250
201,31,Tomas Satoransky,PG,6'7,7-Jun,210,October 30 1991,cz,2,,438,27,WAS,80,54,27.1,3.2,6.6,0.485,0.8,2,0.395,2.4,4.6,0.524,0.545,1.6,2,0.819,1,2.5,3.5,5,1,0.2,1.5,2.2,8.9,3129187
202,2,John Wall,PG,6'4,4-Jun,210,September 6 1990,us,8,Kentucky,498,28,WAS,32,32,34.5,7.7,17.3,0.444,1.6,5.3,0.302,6.1,12,0.507,0.49,3.8,5.5,0.697,0.5,3.2,3.6,8.7,1.5,0.9,3.8,2.2,20.7,19169800
203,15,Okaro White,PF,6'8,8-Jun,205,August 13 1992,us,2,Florida State,508,26,WAS,3,0,2,0,0.7,0,0,0.7,0,0,0,0,0,0,0,0,0.3,0.3,0.7,0,0,0,0,0,0,247827
204,10,Jaylen Adams,PG,6'2,2-Jun,190,May 4 1996,us,0,St. Bonaventure,3,22,ATL,34,1,12.6,1.1,3.2,0.345,0.7,2.2,0.338,0.4,1.1,0.361,0.459,0.2,0.3,0.778,0.3,1.4,1.8,1.9,0.4,0.1,0.8,1.3,3.2,236854
205,1,Justin Anderson,SF,6'6,6-Jun,230,November 19 1993,us,3,Virginia,14,25,ATL,48,4,9.6,1.3,3.3,0.408,0.5,1.6,0.312,0.8,1.7,0.5,0.484,0.5,0.7,0.743,0.5,1.3,1.8,0.5,0.5,0.3,0.5,1,3.7,2516047
206,24,Kent Bazemore,SG,6'5,5-Jun,201,July 1 1989,us,6,Old Dominion,39,29,ATL,67,35,24.5,4.1,10.3,0.402,1.4,4.5,0.32,2.7,5.8,0.465,0.472,1.9,2.6,0.726,0.6,3.3,3.9,2.3,1.3,0.6,1.8,2.5,11.6,18089888
207,15,Vince Carter,PF,6'6,6-Jun,220,January 26 1977,us,20,UNC,92,42,ATL,76,9,17.5,2.6,6.2,0.419,1.6,4.2,0.389,1,2,0.48,0.55,0.6,0.9,0.712,0.4,2.1,2.6,1.1,0.6,0.4,0.6,1.9,7.4,2393887
208,20,John Collins,PF,6'10,10-Jun,235,September 23 1997,us,1,Wake Forest,108,21,ATL,61,59,30,7.6,13.6,0.56,0.9,2.6,0.348,6.7,11,0.609,0.593,3.3,4.4,0.763,3.6,6.2,9.8,2,0.4,0.6,2,3.3,19.5,2299080
209,4,Deyonta Davis,C,6'11,11-Jun,237,December 2 1996,us,2,Michigan State,127,22,ATL,9,0,13.1,1.7,2.4,0.682,0,0.1,0,1.7,2.3,0.714,0.682,0.7,1.1,0.6,1.1,2.9,4,0.6,0.3,0.6,0.3,1.3,4,1741503
210,14,Dewayne Dedmon,C,7'1,Jul-00,245,August 12 1989,us,5,USC,130,29,ATL,64,52,25.1,4,8.2,0.492,1.3,3.4,0.382,2.8,4.8,0.57,0.571,1.4,1.8,0.814,1.6,5.9,7.5,1.4,1.1,1.1,1.3,3.3,10.8,6300000
211,2,Tyler Dorsey,SG,6'5,5-Jun,183,February 18 1996,us,1,Oregon,143,22,TOT,48,11,14.5,2.2,5.5,0.405,0.9,2.8,0.333,1.3,2.8,0.477,0.489,0.8,1.3,0.623,0.6,1.8,2.4,1.2,0.3,0,0.6,1.1,6.2,1378242
212,5,Daniel Hamilton,SG,6'7,7-Jun,195,August 8 1995,us,1,UConn,203,23,ATL,19,3,10.7,1.2,3.2,0.383,0.4,1.2,0.348,0.8,1.9,0.405,0.45,0.2,0.3,0.5,0.5,1.9,2.5,1.2,0.3,0.1,0.8,1,3,1349383
213,3,Kevin Huerter,SG,6'7,7-Jun,190,August 27 1998,us,0,Maryland,239,20,ATL,75,59,27.3,3.7,8.8,0.419,1.8,4.7,0.385,1.9,4.1,0.457,0.522,0.5,0.7,0.732,0.8,2.5,3.3,2.9,0.9,0.3,1.5,2.1,9.7,2250960
214,8,Isaac Humphries,C,7'1,Jul-00,255,January 5 1998,au,0,Kentucky,240,21,ATL,5,1,11.2,1.2,4.2,0.286,0.6,2.2,0.273,0.6,2,0.3,0.357,0,0,0,0.8,1.4,2.2,0,0.2,0,0,1.4,3,47370
215,25,Alex Len,C,7'1,1-Jul,250,June 16 1993,ua,5,Maryland,300,25,ATL,77,31,20.1,4.2,8.4,0.494,1,2.6,0.363,3.2,5.8,0.554,0.551,1.8,2.8,0.648,2.1,3.5,5.5,1.1,0.4,0.9,1.3,2.6,11.1,4350000
216,18,Miles Plumlee,C,6'11,11-Jun,249,September 1 1988,us,6,Duke,405,30,ATL,18,0,9.6,1.8,2.7,0.667,0,0,0,1.8,2.7,0.667,0.667,0.9,1.7,0.533,0.9,1.3,2.2,0.9,0.3,0.2,0.6,0.8,4.4,12400000
217,22,Alex Poythress,PF,6'9,9-Jun,235,September 6 1993,us,2,Kentucky,412,25,ATL,21,1,14.5,1.9,3.9,0.494,0.4,1.1,0.391,1.5,2.8,0.534,0.549,0.9,1.4,0.621,1.4,2.2,3.6,0.8,0.2,0.5,0.6,2.2,5.1,77250
218,8,Jordan Sibert,SG,6'4,4-Jun,187,August 1 1992,us,0,Ohio State Dayton,447,26,ATL,1,0,4,1,1,1,1,1,1,0,0,0,1.5,0,0,0,0,0,0,0,0,0,0,0,3,47370
219,6,Omari Spellman,PF,6'9,9-Jun,245,July 21 1997,us,0,Villanova,460,21,ATL,46,11,17.5,2.1,5.3,0.402,1,2.8,0.344,1.2,2.5,0.466,0.492,0.7,1,0.711,1.6,2.7,4.2,1,0.6,0.5,0.7,1.5,5.9,1622520
220,11,Trae Young,PG,6'2,2-Jun,180,September 19 1998,us,0,Oklahoma,526,20,ATL,81,81,30.9,6.5,15.5,0.418,1.9,6,0.324,4.6,9.6,0.477,0.48,4.2,5.1,0.829,0.8,2.9,3.7,8.1,0.9,0.2,3.8,1.7,19.1,5363280
221,45,Tyler Zeller,C,7'1,Jul-00,253,January 17 1990,us,6,UNC,528,29,TOT,6,1,15.5,2.7,5,0.533,0,0.2,0,2.7,4.8,0.552,0.533,2.3,3,0.778,1.8,2.2,4,0.7,0.2,0.5,0.7,3.3,7.7,213948
222,20,Rawle Alkins,SG,6'5,5-Jun,225,October 29 1997,us,0,Arizona,9,21,CHI,10,1,12,1.3,3.9,0.333,0.3,1.2,0.25,1,2.7,0.37,0.372,0.8,1.2,0.667,1.1,1.5,2.6,1.3,0.1,0,0.8,0.7,3.7,77250
223,51,Ryan Arcidiacono,PG,6'3,3-Jun,200,March 26 1994,us,1,Villanova,22,24,CHI,81,32,24.2,2.3,5.2,0.447,1,2.7,0.373,1.3,2.5,0.527,0.544,1.1,1.3,0.873,0.3,2.4,2.7,3.3,0.8,0,0.8,2.1,6.7,1349383
224,9,Antonio Blakeney,SG,6'4,4-Jun,192,October 4 1996,us,1,LSU,53,22,CHI,57,3,14.5,2.9,6.9,0.419,0.6,1.6,0.396,2.3,5.4,0.426,0.465,0.9,1.3,0.658,0.1,1.7,1.9,0.7,0.2,0.2,0.6,0.7,7.3,1349383
225,34,Wendell Carter,C,6'10,10-Jun,255,April 16 1999,us,0,Duke,93,19,CHI,44,44,25.2,4.1,8.4,0.485,0.1,0.7,0.188,4,7.7,0.513,0.493,2,2.5,0.795,2,5,7,1.8,0.6,1.3,1.5,3.5,10.3,4446840
226,32,Kris Dunn,PG,6'4,4-Jun,205,March 18 1994,us,2,Providence,149,24,CHI,46,44,30.2,4.7,11,0.425,0.7,2.1,0.354,3.9,8.9,0.441,0.458,1.2,1.5,0.797,0.4,3.7,4.1,6,1.5,0.5,2.3,3.6,11.3,4221000
227,6,Cristiano Felicio,C,6'10,10-Jun,265,July 7 1992,br,3,,164,26,CHI,60,0,12.4,1.6,3,0.531,0,0.1,0,1.6,2.9,0.543,0.531,0.8,1.2,0.685,1.3,2.3,3.6,0.6,0.2,0.1,0.6,1.2,4,8470980
228,3,Shaquille Harrison,PG,6'4,4-Jun,190,October 6 1993,us,1,Tulsa,214,25,CHI,73,11,19.6,2.5,5.8,0.432,0.3,1.2,0.27,2.2,4.6,0.475,0.46,1.1,1.7,0.667,0.5,2.6,3,1.9,1.2,0.4,0.8,1.7,6.5,1325531
229,7,Justin Holiday,SG,6'6,6-Jun,181,April 5 1989,us,5,Washington,231,29,TOT,82,77,31.8,3.7,9.5,0.386,2,5.7,0.348,1.7,3.8,0.442,0.49,1.2,1.3,0.896,0.6,3.4,3.9,1.8,1.5,0.4,1.3,2,10.5,4500000
230,15,Chandler Hutchison,SF,6'7,7-Jun,197,April 26 1996,us,0,Boise State,242,22,CHI,44,14,20.3,2.2,4.8,0.459,0.3,1.1,0.28,1.9,3.6,0.516,0.493,0.5,0.9,0.605,0.7,3.5,4.2,0.8,0.5,0.1,0.6,1.3,5.2,1991520
231,8,Zach LaVine,SG,6'5,5-Jun,200,March 10 1995,us,4,UCLA,294,23,CHI,63,62,34.5,8.4,18,0.467,1.9,5.1,0.374,6.5,12.9,0.504,0.52,5,6,0.832,0.6,4,4.7,4.5,1,0.4,3.4,2.2,23.7,19500000
232,42,Robin Lopez,C,7'1,Jul-00,275,April 1 1988,us,10,Stanford,311,30,CHI,74,36,21.7,4.1,7.2,0.568,0.1,0.4,0.226,4,6.8,0.589,0.575,1.2,1.7,0.724,1.9,2,3.9,1.2,0.1,1.1,1.3,1.7,9.5,14357750
233,24,Lauri Markkanen,PF,7'1,Jul-00,240,May 22 1997,fi,1,Arizona,326,21,CHI,52,51,32.3,6.6,15.3,0.43,2.3,6.4,0.361,4.3,8.9,0.479,0.506,3.3,3.8,0.872,1.4,7.6,9,1.4,0.7,0.6,1.6,2.3,18.7,4536120
234,22,Cameron Payne,PG,6'3,3-Jun,190,August 8 1994,us,3,Murray State,400,24,TOT,40,13,17.8,2.4,5.6,0.43,0.6,2.1,0.298,1.8,3.5,0.511,0.487,0.8,1,0.805,0.3,1.5,1.8,2.7,0.7,0.2,1.1,1.6,6.3,3440356
235,44,Brandon Sampson,SG,6'5,5-Jun,184,May 1 1997,us,0,LSU,435,21,CHI,14,2,15.3,2,4.3,0.467,0.8,2.1,0.379,1.2,2.2,0.548,0.558,0.3,0.4,0.667,0.2,0.9,1.1,0.7,0.6,0.2,0.9,1.4,5.1,77250
236,41,JaKarr Sampson,SF,6'9,9-Jun,214,March 20 1993,us,3,St. John's,436,25,CHI,4,0,31.8,7.3,13.5,0.537,1.3,3.5,0.357,6,10,0.6,0.583,4.3,5.3,0.81,1.3,6.8,8,1,1,0.8,1,2,20,85457
237,14,Wayne Selden,SG,6'5,5-Jun,230,September 30 1994,us,2,Kansas,442,24,TOT,75,13,19.2,2.6,6.4,0.406,0.7,2.3,0.316,1.9,4.1,0.456,0.463,0.9,1.2,0.728,0.5,1.9,2.4,1.5,0.4,0.2,1.1,1.7,6.9,1544951
238,0,Tyler Ulis,PG,5'10,10-May,160,January 5 1996,us,2,Kentucky,487,23,CHI,1,0,1,0,0,0,0,0,0,0,0,0,0,0,0,0,0,0,0,0,0,0,0,0,0,77250
239,32,Deng Adel,SF,6'7,7-Jun,200,February 1 1997,ss,0,Louisville,6,21,CLE,19,3,10.2,0.6,1.9,0.306,0.3,1.2,0.261,0.3,0.7,0.385,0.389,0.2,0.2,1,0.2,0.8,1,0.3,0.1,0.2,0.3,0.7,1.7,77250
240,4,Jaron Blossomgame,SF,6'8,8-Jun,220,September 16 1993,us,0,Clemson,55,25,CLE,27,4,16.3,1.7,3.9,0.443,0.4,1.4,0.256,1.4,2.5,0.552,0.491,0.4,0.5,0.769,1,2.7,3.6,0.5,0.3,0.3,0.4,0.7,4.2,77250
241,10,Alec Burks,SG,6'6,6-Jun,214,July 20 1991,us,7,Colorado,82,27,TOT,64,24,21.5,3,7.4,0.405,1,2.6,0.363,2,4.8,0.428,0.469,1.8,2.2,0.823,0.5,3.2,3.7,2,0.6,0.3,1,1.4,8.8,11536515
242,3,Marquese Chriss,PF,6'10,10-Jun,240,July 2 1997,us,2,Washington,104,21,TOT,43,2,11.6,1.6,4.2,0.372,0.4,1.7,0.222,1.2,2.5,0.472,0.417,0.7,1,0.711,0.9,2.4,3.3,0.5,0.4,0.3,0.8,1.9,4.2,3206160
243,8,Jordan Clarkson,SG,6'5,5-Jun,194,June 7 1992,us,4,Tulsa Missouri,107,26,CLE,81,0,27.3,6.5,14.6,0.448,1.8,5.5,0.324,4.8,9.1,0.524,0.509,2,2.4,0.844,1,2.3,3.3,2.4,0.7,0.2,1.7,1.4,16.8,12500000
244,9,Channing Frye,C,7'1,Jul-00,255,May 17 1983,us,12,Arizona,175,35,CLE,36,6,9.5,1.2,3.3,0.368,0.9,2.2,0.405,0.3,1.1,0.289,0.504,0.3,0.4,0.786,0.1,1.3,1.4,0.6,0.2,0.1,0.4,1.2,3.6,2393887
245,55,Andrew Harrison,PG,6'6,6-Jun,213,October 28 1994,us,2,Kentucky,213,24,TOT,17,0,11,0.9,3.1,0.302,0.3,1.5,0.2,0.6,1.6,0.393,0.349,1,1.1,0.944,0.4,0.8,1.2,1.4,0.2,0.1,0.7,2,3.2,354500
246,10,John Holland,SF,6'5,5-Jun,205,November 6 1988,us,2,Boston University,232,30,CLE,1,0,1,0,0,0,0,0,0,0,0,0,0,0,0,0,0,0,0,0,0,0,0,0,0,77250
247,1,Rodney Hood,SG,6'8,8-Jun,206,October 20 1992,us,4,Mississippi State Duke,235,26,TOT,72,49,26.3,4.1,9.3,0.435,1.2,3.3,0.356,2.9,6,0.478,0.498,1.9,2.2,0.884,0.3,1.8,2.2,1.8,0.8,0.2,0.8,2,11.2,3472887
248,21,Jalen Jones,SF,6'7,7-Jun,220,May 27 1993,us,1,Texas A&M,272,25,CLE,16,0,13.4,1.6,3.9,0.419,0.6,1.8,0.357,1,2.1,0.471,0.5,1.2,1.7,0.704,0.7,1.4,2.1,0.4,0.6,0.1,0.5,1.7,5.1,77250
249,20,Brandon Knight,PG,6'3,3-Jun,195,December 2 1991,us,6,Kentucky,284,27,TOT,39,26,18.9,2.5,6.7,0.381,1.1,3.3,0.318,1.5,3.4,0.443,0.46,0.7,0.9,0.794,0.3,1.3,1.5,1.8,0.5,0.1,0.8,1.6,6.8,14631250
250,26,Kyle Korver,PF,6'7,7-Jun,212,March 17 1981,us,15,Creighton,288,37,TOT,70,0,19.1,2.9,6.9,0.416,2,5,0.397,0.9,1.9,0.467,0.559,0.9,1,0.822,0.1,2.2,2.3,1.2,0.4,0.2,0.8,1.5,8.6,7560000
251,0,Kevin Love,PF,6'10,10-Jun,251,September 7 1988,us,10,UCLA,312,30,CLE,22,21,27.2,5,12.9,0.385,2.4,6.7,0.361,2.5,6.2,0.412,0.479,4.7,5.2,0.904,1.5,9.4,10.9,2.2,0.3,0.2,1.9,2.5,17,24119025
252,12,David Nwaba,SG,6'4,4-Jun,219,January 14 1993,us,2,Cal Poly,382,26,CLE,51,14,19.3,2.5,5.1,0.481,0.5,1.5,0.32,2,3.7,0.545,0.527,1.1,1.7,0.682,0.8,2.4,3.2,1.1,0.7,0.3,0.6,2.1,6.5,1512601
253,16,Cedi Osman,SF,6'8,8-Jun,215,April 8 1995,mk,1,,391,23,CLE,76,75,32.2,4.7,11.1,0.427,1.7,4.9,0.348,3,6.2,0.489,0.504,1.9,2.4,0.779,0.6,4.1,4.7,2.6,0.8,0.1,1.5,2.6,13,2775000
254,2,Collin Sexton,PG,6'2,2-Jun,190,January 4 1999,us,0,Alabama,443,20,CLE,82,72,31.8,6.3,14.7,0.43,1.5,3.6,0.402,4.9,11.1,0.44,0.48,2.6,3.1,0.839,0.7,2.2,2.9,3,0.5,0.1,2.3,2.3,16.7,4073760
255,3,Kobi Simmons,PG,6'5,5-Jun,166,July 4 1997,us,1,Arizona,450,21,CLE,1,0,2,0,0,0,0,0,0,0,0,0,0,0,0,0,0,0,0,0,0,0,0,0,0,76236
256,1,Nik Stauskas,SG,6'6,6-Jun,205,October 7 1993,ca,4,Michigan,461,25,TOT,68,0,14.9,2,5,0.402,1,2.8,0.372,1,2.2,0.44,0.506,0.8,0.9,0.891,0.3,1.6,1.9,1.2,0.3,0.1,0.8,0.7,5.9,2161886
257,13,Tristan Thompson,C,6'10,10-Jun,238,March 13 1991,ca,7,Texas,477,27,CLE,43,40,27.9,4.7,8.8,0.529,0,0,0,4.7,8.8,0.529,0.529,1.6,2.5,0.642,4,6.2,10.2,2,0.7,0.4,1.4,2.1,10.9,17469565
258,41,Ante Zizic,C,6'11,11-Jun,254,January 4 1997,hr,1,,529,22,CLE,59,25,18.3,3.1,5.6,0.553,0,0,0,3.1,5.6,0.553,0.553,1.6,2.2,0.705,1.8,3.6,5.4,0.9,0.2,0.4,1,1.9,7.8,1952760
259,0,Kadeem Allen,SG,6'3,3-Jun,192,January 15 1993,us,1,Arizona,12,26,NYK,19,1,21.9,3.4,7.4,0.461,0.9,1.9,0.472,2.5,5.5,0.457,0.521,2.2,2.8,0.778,0.4,2.3,2.7,4,0.8,0.2,1.4,2.4,9.9,77250
260,23,Trey Burke,PG,6'1,1-Jun,175,November 12 1992,us,5,Michigan,81,26,TOT,58,8,19.4,4.1,9.4,0.431,1,2.7,0.352,3.1,6.7,0.463,0.482,1.8,2.1,0.831,0.5,1.2,1.7,2.7,0.6,0.1,0.8,1,10.9,1795015
261,21,Damyean Dotson,SG,6'6,6-Jun,210,May 6 1994,us,1,Oregon Houston,144,24,NYK,73,40,27.5,4,9.6,0.415,1.7,4.7,0.368,2.2,4.9,0.461,0.506,1,1.3,0.745,0.5,3.1,3.6,1.8,0.8,0.1,1,1.8,10.7,1378242
262,3,Billy Garrett,SG,6'6,6-Jun,213,October 16 1994,us,0,DePaul,179,24,NYK,4,0,15.8,2.8,6.8,0.407,0,2,0,2.8,4.8,0.579,0.407,1,1,1,0,0.8,0.8,1.8,0.3,0.3,0.5,0.8,6.5,67370
263,8,Mario Hezonja,SF,6'8,8-Jun,225,February 25 1995,hr,3,,222,23,NYK,58,24,20.8,3.3,8,0.412,0.7,2.6,0.276,2.6,5.4,0.478,0.457,1.5,2,0.763,0.5,3.6,4.1,1.5,1,0.1,1.5,1.9,8.8,6500000
264,4,Isaiah Hicks,PF,6'9,9-Jun,230,July 24 1994,us,1,UNC,223,24,NYK,3,0,10.7,1.3,2.7,0.5,0,0,0,1.3,2.7,0.5,0.5,1.3,1.7,0.8,0.7,1.7,2.3,0.7,0.3,1,0.3,1.7,4,77250
265,6,DeAndre Jordan,C,6'11,11-Jun,265,July 21 1988,us,10,Texas A&M,276,30,TOT,69,69,29.7,4.1,6.5,0.641,0,0,0,4.1,6.5,0.641,0.641,2.7,3.8,0.705,3.3,9.8,13.1,2.3,0.6,1.1,2.2,2.4,11,22897200
266,0,Enes Kanter,C,6'11,11-Jun,250,May 20 1992,ch,7,,279,26,TOT,67,31,24.5,5.6,10.2,0.549,0.1,0.5,0.294,5.4,9.7,0.562,0.556,2.3,2.9,0.787,3.8,6,9.8,1.7,0.5,0.4,1.8,2.5,13.7,19264603
267,20,Kevin Knox,PF,6'9,9-Jun,215,August 11 1999,us,0,Kentucky,285,19,NYK,75,57,28.8,4.5,12.2,0.37,1.7,4.9,0.343,2.8,7.3,0.387,0.438,2.2,3,0.717,0.8,3.7,4.5,1.1,0.6,0.3,1.5,2.3,12.8,3744840
268,2,Luke Kornet,PF,7'1,1-Jul,250,July 15 1995,us,1,Vanderbilt,287,23,NYK,46,18,17,2.3,6.2,0.378,1.5,4.2,0.363,0.8,2,0.411,0.502,0.8,1,0.826,0.6,2.3,2.9,1.2,0.6,0.9,0.5,0.9,7,1619260
269,5,Courtney Lee,SG,6'5,5-Jun,215,October 3 1985,us,10,Western Kentucky,297,33,TOT,34,6,12.6,1.6,3.8,0.411,0.5,1.6,0.291,1.1,2.2,0.5,0.473,0.4,0.6,0.667,0.3,1.3,1.6,1.1,0.6,0.1,0.4,0.9,4,12253780
270,1,Emmanuel Mudiay,PG,6'5,5-Jun,200,March 5 1996,cd,3,,366,22,NYK,59,42,27.2,5.6,12.5,0.446,1.2,3.6,0.329,4.4,9,0.492,0.493,2.4,3.2,0.774,0.6,2.8,3.3,3.9,0.7,0.3,2.4,1.7,14.8,4294479
271,11,Frank Ntilikina,PG,6'6,6-Jun,200,July 28 1998,be,1,,379,20,NYK,43,16,21,2.2,6.6,0.337,0.8,2.7,0.287,1.4,3.9,0.371,0.395,0.5,0.7,0.767,0.3,1.7,2,2.8,0.7,0.3,1.3,2.4,5.7,4155720
272,26,Mitchell Robinson,C,7'1,1-Jul,240,April 1 1998,us,0,Western Kentucky,427,20,NYK,66,19,20.6,3.1,4.4,0.694,0,0,0,3.1,4.4,0.694,0.694,1.2,2,0.6,2.7,3.7,6.4,0.6,0.8,2.4,0.5,3.3,7.3,1485440
273,5,Dennis Smith,PG,6'3,3-Jun,195,November 25 1997,us,1,NC State,453,21,TOT,53,50,28.5,5.2,12.3,0.428,1.3,3.9,0.322,4,8.3,0.477,0.479,1.9,2.9,0.635,0.6,2.3,2.9,4.8,1.3,0.4,2.9,2.4,13.6,3819960
274,42,Lance Thomas,PF,6'8,8-Jun,240,April 24 1988,us,7,Duke,475,30,NYK,46,17,17,1.7,4.3,0.396,0.5,1.7,0.278,1.2,2.6,0.475,0.452,0.6,0.8,0.75,0.5,2.1,2.5,0.6,0.4,0.2,0.5,1.8,4.5,7119650
275,14,Allonzo Trier,SG,6'5,5-Jun,200,January 17 1996,us,0,Arizona,482,23,NYK,64,3,22.8,3.6,8.1,0.448,0.8,2.1,0.394,2.8,6,0.466,0.498,2.8,3.5,0.803,0.5,2.6,3.1,1.9,0.4,0.2,1.8,1.8,10.9,3382000
276,32,Noah Vonleh,PF,6'9,9-Jun,250,August 24 1995,us,4,Indiana,491,23,NYK,68,57,25.3,3,6.5,0.47,0.7,2,0.336,2.4,4.5,0.531,0.523,1.6,2.3,0.712,1.7,6.1,7.8,1.9,0.7,0.8,1.3,2.6,8.4,1621415
277,2,Jordan Bell,C,6'9,9-Jun,224,January 7 1995,us,1,Oregon,44,24,GSW,68,3,11.6,1.5,2.8,0.516,0,0,0,1.5,2.8,0.521,0.516,0.4,0.6,0.61,0.8,1.9,2.7,1.1,0.3,0.8,0.6,1.2,3.3,1378242
278,12,Andrew Bogut,C,7'1,Jul-00,260,November 28 1984,au,13,Utah,58,34,GSW,11,5,12.2,1.6,3.3,0.5,0,0,0,1.6,3.3,0.5,0.5,0.3,0.3,1,1.1,3.9,5,1,0.3,0.7,0.7,2,3.5,486892
279,4,Quinn Cook,PG,6'2,2-Jun,179,March 23 1993,us,2,Duke,114,25,GSW,74,10,14.3,2.8,5.9,0.465,1.1,2.7,0.405,1.7,3.2,0.515,0.557,0.3,0.4,0.769,0.3,1.8,2.1,1.6,0.3,0,0.7,1.2,6.9,1544951
280,0,DeMarcus Cousins,C,6'11,11-Jun,270,August 13 1990,us,8,Kentucky,115,28,GSW,30,30,25.7,5.9,12.4,0.48,0.9,3.2,0.274,5.1,9.2,0.551,0.515,3.5,4.8,0.736,1.4,6.8,8.2,3.6,1.3,1.5,2.4,3.6,16.3,5337000
281,30,Stephen Curry,PG,6'3,3-Jun,190,March 14 1988,us,9,Davidson,124,30,GSW,69,69,33.8,9.2,19.4,0.472,5.1,11.7,0.437,4,7.7,0.525,0.604,3.8,4.2,0.916,0.7,4.7,5.3,5.2,1.3,0.4,2.8,2.4,27.3,37457154
282,32,Marcus Derrickson,PF,6'7,7-Jun,249,February 1 1996,us,0,Georgetown,136,22,GSW,11,0,6.1,1.5,3,0.485,0.9,1.8,0.5,0.5,1.2,0.462,0.636,0.4,0.5,0.8,0.7,0.5,1.2,0.1,0,0.1,0.3,0.8,4.2,77250
283,35,Kevin Durant,SF,6'9,9-Jun,240,September 29 1988,us,11,Texas,150,30,GSW,78,78,34.6,9.2,17.7,0.521,1.8,5,0.353,7.5,12.8,0.587,0.571,5.7,6.5,0.885,0.4,5.9,6.4,5.9,0.7,1.1,2.9,2,26,30000000
284,10,Jacob Evans,SG,6'6,6-Jun,210,June 18 1997,us,0,Cincinnati,158,21,GSW,30,1,6.8,0.6,1.8,0.34,0.1,0.5,0.267,0.5,1.3,0.368,0.377,0,0,0,0.2,0.6,0.8,0.8,0.2,0.1,0.4,0.9,1.3,1646400
285,23,Draymond Green,PF,6'7,7-Jun,230,March 4 1990,us,6,Michigan State,198,28,GSW,66,66,31.3,2.8,6.4,0.445,0.7,2.5,0.285,2.1,3.9,0.549,0.501,1,1.4,0.692,0.9,6.4,7.3,6.9,1.4,1.1,2.6,3,7.4,17469565
286,9,Andre Iguodala,SF,6'6,6-Jun,215,January 28 1984,us,14,Arizona,244,35,GSW,68,13,23.2,2.2,4.4,0.5,0.7,2.1,0.333,1.5,2.3,0.652,0.579,0.6,1,0.582,0.7,3,3.7,3.2,0.9,0.8,0.8,1.4,5.7,16000000
287,21,Jonas Jerebko,PF,6'10,10-Jun,231,March 2 1987,se,8,,261,31,GSW,73,6,16.7,2.2,4.9,0.459,0.9,2.6,0.367,1.3,2.3,0.563,0.556,0.9,1.1,0.8,1,3,3.9,1.3,0.4,0.2,0.6,1.9,6.3,2165481
288,15,Damian Jones,C,7'1,Jul-00,245,June 30 1995,us,2,Vanderbilt,270,23,GSW,24,22,17.1,2.2,3.1,0.716,0,0,0,2.2,3.1,0.716,0.716,1,1.5,0.649,1.3,1.8,3.1,1.2,0.5,1,0.7,2.6,5.4,1544951
289,1,Damion Lee,SG,6'6,6-Jun,210,October 21 1992,us,1,Drexel Louisville,298,26,GSW,32,0,11.7,1.8,4,0.441,0.8,2.1,0.397,0.9,1.8,0.492,0.547,0.6,0.7,0.864,0.3,1.8,2,0.4,0.4,0,0.3,0.9,4.9,77250
290,34,Shaun Livingston,PG,6'7,7-Jun,192,September 11 1985,us,13,,307,33,GSW,64,0,15.1,1.7,3.3,0.519,0,0,0,1.7,3.3,0.524,0.519,0.6,0.8,0.784,0.7,1.2,1.8,1.8,0.5,0.4,0.6,1.2,4,8307692
291,5,Kevon Looney,C,6'9,9-Jun,220,February 6 1996,us,3,UCLA,309,22,GSW,80,24,18.5,2.7,4.3,0.625,0,0.1,0.1,2.7,4.2,0.641,0.627,0.8,1.3,0.619,2.4,2.8,5.2,1.5,0.6,0.7,0.6,2.6,6.3,1567007
292,28,Alfonzo McKinnie,SF,6'8,8-Jun,215,September 17 1992,us,1,Green Bay,339,26,GSW,72,5,13.9,1.9,3.8,0.487,0.6,1.6,0.356,1.3,2.2,0.586,0.564,0.4,0.7,0.563,1.1,2.3,3.4,0.4,0.3,0.2,0.4,1.9,4.7,1349383
293,11,Klay Thompson,SG,6'7,7-Jun,215,February 8 1990,us,7,Washington State,476,28,GSW,78,78,34,8.4,18,0.467,3.1,7.7,0.402,5.3,10.3,0.516,0.553,1.7,2,0.816,0.5,3.4,3.8,2.4,1.1,0.6,1.5,2,21.5,18988725
294,23,DeVaughn Akoon-Purcell,SG,6'6,6-Jun,200,June 5 1993,us,0,Illinois State University,7,25,DEN,7,0,3.1,0.4,1.4,0.3,0,0.6,0,0.4,0.9,0.5,0.3,0.1,0.3,0.5,0.1,0.4,0.6,0.9,0.3,0,0.3,0.6,1,77250
295,5,Will Barton,SG,6'6,6-Jun,190,January 6 1991,us,6,Memphis,34,28,DEN,43,38,27.7,4.3,10.7,0.402,1.6,4.6,0.342,2.7,6.1,0.447,0.475,1.3,1.7,0.77,0.7,3.9,4.6,2.9,0.4,0.5,1.5,1.9,11.5,11830358
296,25,Malik Beasley,SG,6'5,5-Jun,195,November 26 1996,us,2,Florida State,41,22,DEN,81,18,23.2,4.3,9.1,0.474,2,5,0.402,2.3,4.1,0.56,0.584,0.7,0.8,0.848,0.4,2,2.5,1.2,0.7,0.1,0.7,1.4,11.3,1773840
297,3,Torrey Craig,SF,6'7,7-Jun,215,December 19 1990,us,1,USC Upstate,118,28,DEN,75,37,20,2.1,4.8,0.442,0.8,2.5,0.324,1.3,2.3,0.569,0.526,0.7,0.9,0.7,1.2,2.3,3.5,1,0.5,0.6,0.6,2.3,5.7,2000000
298,6,Brandon Goodwin,PG,6'2,2-Jun,180,October 2 1995,us,0,Central Florida Florida Gulf Coast,188,23,DEN,16,0,3.6,0.4,1.4,0.261,0.1,0.4,0.333,0.3,1.1,0.235,0.304,0.6,0.7,0.818,0.1,0.1,0.2,0.9,0,0,0.2,0.4,1.4,56845
299,14,Gary Harris,SG,6'4,4-Jun,210,September 14 1994,us,4,Michigan State,210,24,DEN,57,48,28.8,4.7,11.2,0.424,1.4,4.2,0.339,3.3,6.9,0.476,0.488,2,2.5,0.799,0.7,2.1,2.8,2.2,1,0.3,1.2,2,12.9,16517857
300,41,Juan Hernangomez,PF,6'9,9-Jun,230,September 28 1995,es,2,,220,23,DEN,70,25,19.4,2,4.5,0.439,0.9,2.6,0.365,1,1.9,0.541,0.545,0.9,1.2,0.767,0.9,2.9,3.8,0.8,0.4,0.3,0.5,1.3,5.8,2166360
301,15,Nikola Jokic,C,7'1,Jul-00,250,February 19 1995,rs,3,,269,23,DEN,80,80,31.3,7.7,15.1,0.511,1,3.4,0.307,6.7,11.7,0.569,0.545,3.6,4.4,0.821,2.9,8,10.8,7.3,1.4,0.7,3.1,2.9,20.1,25467250
302,20,Tyler Lydon,PF,6'10,10-Jun,225,April 9 1996,us,1,Syracuse,317,22,DEN,25,0,3.8,0.4,0.7,0.5,0.2,0.4,0.4,0.2,0.3,0.625,0.611,0,0.1,0.333,0.3,0.4,0.7,0.2,0.1,0,0.2,0.4,0.9,1874640
303,7,Trey Lyles,PF,6'10,10-Jun,234,November 5 1995,ca,3,Kentucky,318,23,DEN,64,2,17.5,3.2,7.7,0.418,0.8,3.1,0.255,2.4,4.6,0.529,0.47,1.3,1.8,0.698,0.7,3.2,3.8,1.4,0.5,0.4,1.1,1.5,8.5,3364249
304,4,Paul Millsap,PF,6'8,8-Jun,246,February 10 1985,us,12,Louisiana Tech,351,33,DEN,70,65,27.1,4.6,9.5,0.484,0.8,2.3,0.365,3.8,7.2,0.522,0.528,2.6,3.6,0.727,2.2,5,7.2,2,1.2,0.8,1.4,2.6,12.6,29230769
305,11,Monte Morris,PG,6'3,3-Jun,175,June 27 1995,us,1,Iowa State,363,23,DEN,82,6,24,4.2,8.6,0.493,1.1,2.8,0.414,3.1,5.8,0.531,0.56,0.8,1,0.802,0.4,1.9,2.4,3.6,0.9,0,0.6,1.2,10.4,1349383
306,27,Jamal Murray,PG,6'4,4-Jun,207,February 23 1997,ca,2,Kentucky,367,21,DEN,75,74,32.6,6.8,15.6,0.437,2,5.5,0.367,4.8,10.1,0.476,0.502,2.5,3,0.848,0.9,3.4,4.2,4.8,0.9,0.4,2.1,2,18.2,3499800
307,24,Mason Plumlee,C,6'11,11-Jun,235,March 5 1990,us,5,Duke,404,28,DEN,82,17,21.1,3.2,5.4,0.593,0,0.1,0.2,3.2,5.3,0.602,0.595,1.4,2.4,0.561,2,4.4,6.4,3,0.8,0.9,1.5,3.1,7.8,12917808
308,0,Isaiah Thomas,SG,5'9,9-May,185,February 7 1989,us,7,Washington,473,29,DEN,12,0,15.1,2.8,8.3,0.343,1,3.6,0.279,1.8,4.7,0.393,0.404,1.4,2.3,0.63,0.4,0.7,1.1,1.9,0.4,0.1,1.5,1.4,8.1,2029463
309,8,Jarred Vanderbilt,PF,6'9,9-Jun,214,April 3 1999,us,0,Kentucky,489,19,DEN,17,0,4.1,0.5,1.1,0.474,0,0.1,0,0.5,1.1,0.5,0.474,0.4,0.6,0.6,0.4,0.9,1.4,0.2,0.4,0.1,0.5,0.5,1.4,838464
310,45,Thomas Welsh,C,7'1,Jul-00,255,February 3 1996,us,0,UCLA,505,22,DEN,11,0,3.3,0.6,1.2,0.538,0.3,0.6,0.429,0.4,0.5,0.667,0.654,0.1,0.2,0.5,0,0.4,0.4,0.5,0,0,0.1,0.3,1.6,77250
311,34,Nick Young,SG,6'7,7-Jun,210,June 1 1985,us,11,USC,524,33,DEN,4,0,9.3,0.8,2.3,0.333,0.8,2,0.375,0,0.3,0,0.5,0,0,0,0,0.3,0.3,0.5,0,0.3,0.5,1,2.3,284020
312,8,Al-Farouq Aminu,PF,6'9,9-Jun,220,September 21 1990,us,8,Wake Forest,13,28,POR,81,81,28.3,3.2,7.3,0.433,1.2,3.5,0.343,2,3.9,0.514,0.514,1.9,2.1,0.867,1.4,6.1,7.5,1.3,0.8,0.4,0.9,1.8,9.4,6957105
313,2,Wade Baldwin,PG,6'4,4-Jun,200,March 29 1996,us,2,Vanderbilt,29,22,POR,16,0,5.9,0.6,2.1,0.303,0.1,0.6,0.222,0.5,1.5,0.333,0.333,0.5,0.7,0.727,0.1,0.8,0.9,0.8,0.1,0.1,0.9,0.7,1.9,1544951
314,33,Zach Collins,C,7'1,Jul-00,235,November 19 1997,us,1,Gonzaga,109,21,POR,77,0,17.6,2.5,5.2,0.473,0.5,1.6,0.331,1.9,3.6,0.534,0.523,1.2,1.6,0.746,1.4,2.8,4.2,0.9,0.3,0.9,1,2.3,6.6,3628920
315,31,Seth Curry,SG,6'2,2-Jun,185,August 23 1990,us,4,Liberty Duke,123,28,POR,74,2,18.9,2.9,6.3,0.456,1.5,3.4,0.45,1.3,2.9,0.463,0.577,0.6,0.7,0.846,0.4,1.3,1.6,0.9,0.5,0.2,0.8,1.3,7.9,2795000
316,17,Skal Labissiere,PF,6'11,11-Jun,235,March 18 1996,ht,2,Kentucky,292,22,TOT,22,1,8,1.2,2.2,0.531,0.3,0.6,0.462,0.9,1.6,0.556,0.592,0.4,0.8,0.529,0.4,1.5,2,0.5,0.2,0.3,0.5,1.3,3,1544951
317,10,Jake Layman,SF,6'9,9-Jun,215,March 7 1994,us,2,Maryland,295,24,POR,71,33,18.7,3,6,0.509,0.8,2.5,0.326,2.2,3.4,0.646,0.579,0.7,1,0.704,0.8,2.3,3.1,0.7,0.4,0.4,0.6,1.6,7.6,1544951
318,11,Meyers Leonard,C,7'1,1-Jul,255,February 27 1992,us,6,Illinois,302,26,POR,61,2,14.4,2.2,4,0.545,0.8,1.8,0.45,1.3,2.1,0.626,0.649,0.7,0.8,0.843,0.8,3,3.8,1.2,0.2,0.1,0.7,1.7,5.9,10595506
319,0,Damian Lillard,PG,6'3,3-Jun,195,July 15 1990,us,6,Weber State,305,28,POR,80,80,35.5,8.5,19.2,0.444,3,8,0.369,5.6,11.1,0.499,0.522,5.9,6.4,0.912,0.9,3.8,4.6,6.9,1.1,0.4,2.7,1.9,25.8,27977689
320,3,CJ McCollum,SG,6'3,3-Jun,190,September 19 1991,us,5,Lehigh,334,27,POR,70,70,33.9,8.2,17.8,0.459,2.4,6.4,0.375,5.8,11.4,0.506,0.527,2.3,2.7,0.828,0.9,3.1,4,3,0.8,0.4,1.5,2.5,21,25759766
321,27,Jusuf Nurkic,C,7'1,Jul-00,275,August 23 1994,ba,4,,381,24,POR,72,72,27.4,5.8,11.5,0.508,0,0.4,0.103,5.8,11.1,0.523,0.51,3.9,5.1,0.773,3.4,7,10.4,3.2,1,1.4,2.3,3.5,15.6,11111111
322,24,Anfernee Simons,SG,6'4,4-Jun,185,June 8 1999,us,0,,451,19,POR,20,1,7.1,1.4,3.2,0.444,0.5,1.5,0.345,0.9,1.7,0.529,0.524,0.5,0.8,0.563,0.2,0.5,0.7,0.7,0.1,0,0.6,0.5,3.8,1837800
323,50,Caleb Swanigan,PF,6'9,9-Jun,250,April 18 1997,us,1,Purdue,465,21,TOT,21,0,8.5,0.9,2.5,0.34,0,0.3,0.143,0.8,2.2,0.37,0.349,0.3,0.4,0.667,0.8,2.2,3,0.5,0.3,0,0.9,1.3,2,1740000
324,1,Evan Turner,PG,6'7,7-Jun,220,October 27 1988,us,8,Ohio State,484,30,POR,73,2,22,2.8,6.1,0.46,0.2,0.7,0.212,2.6,5.4,0.494,0.473,1,1.5,0.708,0.5,4,4.5,3.9,0.5,0.2,1.6,1.5,6.8,17868853
325,7,Carmelo Anthony,PF,6'8,8-Jun,240,May 29 1984,us,15,Syracuse,20,34,HOU,10,2,29.4,4.9,12.1,0.405,2.1,6.4,0.328,2.8,5.7,0.491,0.492,1.5,2.2,0.682,0.9,4.5,5.4,0.5,0.4,0.7,0.8,3.2,13.4,2393887
326,15,Clint Capela,C,6'10,10-Jun,240,May 18 1994,ch,4,,89,24,HOU,67,67,33.6,7.1,10.9,0.648,0,0,0,7.1,10.9,0.648,0.648,2.5,3.9,0.636,4.4,8.2,12.7,1.4,0.7,1.5,1.4,2.5,16.6,15793104
327,2,Chris Chiozza,PG,6'1,Jun-00,176,November 21 1995,us,0,Florida,103,23,HOU,7,0,4.7,0.3,1.1,0.25,0.3,0.7,0.4,0,0.4,0,0.375,0,0,0,0.1,0.4,0.6,0.6,0.1,0.1,0.1,0.3,0.9,137374
328,6,Gary Clark,PF,6'8,8-Jun,225,November 16 1994,us,0,Cincinnati,105,24,HOU,51,2,12.6,1,3,0.331,0.8,2.7,0.297,0.2,0.3,0.692,0.467,0.1,0.1,1,0.5,1.8,2.3,0.4,0.4,0.5,0.1,0.9,2.9,674122
329,10,Eric Gordon,SG,6'4,4-Jun,215,December 25 1988,us,10,Indiana,190,30,HOU,68,53,31.7,5.6,13.8,0.409,3.2,8.8,0.36,2.5,5,0.497,0.525,1.8,2.2,0.783,0.3,1.9,2.2,1.9,0.6,0.4,1.3,2.1,16.2,13500375
330,14,Gerald Green,SG,6'7,7-Jun,205,January 26 1986,us,11,,199,33,HOU,73,0,20.2,3.2,7.9,0.4,2.1,6,0.354,1,1.9,0.547,0.535,0.8,0.9,0.838,0.4,2.1,2.5,0.5,0.5,0.4,0.8,1.7,9.2,1512601
331,13,James Harden,PG,6'5,5-Jun,220,August 26 1989,us,9,Arizona State,206,29,HOU,78,78,36.8,10.8,24.5,0.442,4.8,13.2,0.368,6,11.3,0.528,0.541,9.7,11,0.879,0.8,5.8,6.6,7.5,2,0.7,5,3.1,36.1,30570000
332,55,Isaiah Hartenstein,PF,7'1,Jul-00,249,May 5 1998,us,0,,216,20,HOU,28,0,7.9,0.7,1.5,0.488,0.1,0.2,0.333,0.6,1.3,0.514,0.512,0.4,0.5,0.786,0.8,0.9,1.7,0.5,0.3,0.4,0.5,2,1.9,838464
333,4,Danuel House,SF,6'7,7-Jun,220,June 7 1993,us,2,Texas A&M,237,25,HOU,39,13,25.1,3,6.5,0.468,1.9,4.6,0.416,1.1,1.9,0.595,0.615,1.4,1.8,0.789,0.6,2.9,3.6,1,0.5,0.3,0.9,2.1,9.4,247827
334,9,Terrence Jones,PF,6'9,9-Jun,252,January 9 1992,us,5,Kentucky,274,27,HOU,2,0,2.5,0.5,2,0.25,0,1,0,0.5,1,0.5,0.25,0,0.5,0,0,2,2,0,0,0,0.5,0.5,1,198579
335,21,James Nunnally,SF,6'7,7-Jun,208,July 14 1990,us,1,University of California Santa Barbara,380,28,TOT,15,0,6.8,0.8,2.3,0.353,0.5,1.7,0.32,0.3,0.6,0.444,0.471,0.3,0.3,1,0,0.3,0.3,0.5,0.1,0,0.1,0.7,2.4,663255
336,3,Chris Paul,PG,6'1,Jun-00,175,May 6 1985,us,13,Wake Forest,399,33,HOU,58,58,32,5.2,12.4,0.419,2.2,6.1,0.358,3,6.3,0.479,0.508,3,3.5,0.862,0.6,3.9,4.6,8.2,2,0.3,2.6,2.5,15.6,35654150
337,9,Zhou Qi,PF,7'1,1-Jul,210,January 16 1996,cn,1,,413,23,HOU,1,0,1,1,1,1,0,0,0,1,1,1,1,0,0,0,0,0,0,0,0,0,0,0,2,1378242
338,1,Iman Shumpert,SG,6'5,5-Jun,215,June 26 1990,us,7,Georgia Tech,445,28,TOT,62,41,23.9,2.7,7.2,0.374,1.5,4.4,0.348,1.2,2.8,0.416,0.481,0.6,0.7,0.8,0.4,2.5,3,1.8,1,0.4,0.8,2,7.5,11011234
339,24,Grayson Allen,SG,6'5,5-Jun,198,October 8 1995,us,0,Duke,10,23,UTA,38,2,10.9,1.8,4.7,0.376,0.8,2.6,0.323,0.9,2.1,0.443,0.466,1.2,1.6,0.75,0.1,0.5,0.6,0.7,0.2,0.2,0.9,1.2,5.6,2076960
340,13,Tony Bradley,C,6'10,10-Jun,248,January 8 1998,us,1,UNC,64,21,UTA,3,0,12,2.7,5.3,0.5,0,0,0,2.7,5.3,0.5,0.5,0.3,0.7,0.5,3,2,5,0.3,0.7,0.7,1,2,5.7,1679520
341,34,Tyler Cavanaugh,PF,6'9,9-Jun,238,February 9 1994,us,1,George Washington,99,24,UTA,11,0,3.5,0.3,0.9,0.3,0.1,0.5,0.2,0.2,0.5,0.4,0.35,0.2,0.2,1,0.3,0.5,0.7,0.1,0,0,0.1,0.3,0.8,77250
342,99,Jae Crowder,SF,6'6,6-Jun,235,July 6 1990,us,6,Marquette,121,28,UTA,80,11,27.1,4,10,0.399,2.2,6.5,0.331,1.8,3.4,0.527,0.508,1.8,2.5,0.721,0.8,4.1,4.8,1.7,0.8,0.4,1.1,2.1,11.9,7305825
343,11,Dante Exum,PG,6'6,6-Jun,190,July 13 1995,au,3,,161,23,UTA,42,1,15.8,2.4,5.7,0.419,0.4,1.5,0.29,2,4.3,0.464,0.456,1.6,2,0.791,0.4,1.2,1.6,2.6,0.3,0.1,1.2,1.6,6.9,10600000
344,15,Derrick Favors,C,6'10,10-Jun,265,July 15 1991,us,8,Georgia Tech,163,27,UTA,76,70,23.2,4.8,8.1,0.586,0.2,1,0.218,4.6,7.1,0.64,0.6,2,3,0.675,2.7,4.6,7.4,1.2,0.7,1.4,1.1,2.1,11.8,16900000
345,27,Rudy Gobert,C,7'1,1-Jul,245,June 26 1992,fr,5,,187,26,UTA,81,80,31.8,5.9,8.8,0.669,0,0,0,5.9,8.8,0.669,0.669,4.1,6.4,0.636,3.8,9,12.9,2,0.8,2.3,1.6,2.9,15.9,23491573
346,2,Joe Ingles,PF,6'8,8-Jun,226,October 2 1987,au,4,,246,31,UTA,82,82,31.3,4.4,9.8,0.448,2.3,5.9,0.391,2.1,3.9,0.533,0.565,1.1,1.5,0.707,0.4,3.6,4,5.7,1.2,0.2,2.4,2.2,12.1,12545455
347,45,Donovan Mitchell,SG,6'3,3-Jun,215,September 7 1996,us,1,Louisville,354,22,UTA,77,77,33.7,8.6,19.9,0.432,2.4,6.7,0.362,6.1,13.1,0.468,0.493,4.1,5.1,0.806,0.8,3.3,4.1,4.2,1.4,0.4,2.8,2.7,23.8,3111480
348,25,Raul Neto,PG,6'1,1-Jun,179,May 19 1992,br,3,,374,26,UTA,37,1,12.8,2,4.4,0.46,0.5,1.6,0.333,1.5,2.7,0.535,0.522,0.8,0.9,0.848,0.2,1.5,1.7,2.5,0.4,0.1,0.9,1.3,5.3,2100000
349,31,Georges Niang,PF,6'8,8-Jun,230,June 17 1993,us,2,Iowa State,375,25,UTA,59,0,8.7,1.5,3.1,0.475,0.7,1.8,0.41,0.7,1.3,0.566,0.594,0.3,0.4,0.833,0.2,1.3,1.5,0.6,0.2,0.1,0.4,1,4,1512601
350,23,Royce O'Neale,SF,6'6,6-Jun,226,June 5 1993,us,1,Baylor,383,25,UTA,82,16,20.4,2,4.2,0.475,0.8,2.1,0.386,1.2,2,0.569,0.574,0.4,0.5,0.762,0.3,3.2,3.5,1.5,0.7,0.3,0.9,2.1,5.2,1378242
351,3,Ricky Rubio,PG,6'4,4-Jun,190,October 21 1990,es,7,,432,28,UTA,68,67,27.9,4.3,10.7,0.404,1.2,3.7,0.311,3.2,7,0.454,0.458,2.9,3.4,0.855,0.5,3.1,3.6,6.1,1.3,0.1,2.6,2.6,12.7,14800000
352,22,Thabo Sefolosha,SF,6'7,7-Jun,220,May 2 1984,ch,12,,441,34,UTA,50,2,12.2,1.4,3,0.477,0.7,1.6,0.436,0.7,1.4,0.521,0.591,0.3,0.4,0.636,0.2,2.3,2.5,0.5,0.9,0.1,0.5,0.8,3.8,5250000
353,33,Ekpe Udoh,C,6'10,10-Jun,245,May 20 1987,us,6,Michigan Baylor,486,31,UTA,51,1,6.3,1,1.4,0.694,0,0,0,1,1.4,0.694,0.694,0.4,0.6,0.633,0.5,1.2,1.8,0.5,0.2,0.6,0.3,0.7,2.3,3360000
354,8,Alex Abrines,SG,6'6,6-Jun,200,August 1 1993,es,2,,1,25,OKC,31,2,19,1.8,5.1,0.357,1.3,4.1,0.323,0.5,1,0.5,0.487,0.4,0.4,0.923,0.2,1.4,1.5,0.6,0.5,0.2,0.5,1.7,5.3,3667645
355,12,Steven Adams,C,7'1,Jul-00,265,July 20 1993,nz,5,Pitt,4,25,OKC,80,80,33.4,6,10.1,0.595,0,0,0,6,10.1,0.596,0.595,1.8,3.7,0.5,4.9,4.6,9.5,1.6,1.5,1,1.7,2.6,13.9,24157304
356,30,Deonte Burton,SG,6'5,5-Jun,245,January 31 1994,us,0,Marquette Iowa State,83,25,OKC,32,0,7.5,1,2.6,0.402,0.3,0.8,0.296,0.8,1.7,0.455,0.451,0.3,0.4,0.667,0.1,0.8,0.9,0.3,0.2,0.3,0.3,1,2.6,500000
357,34,Tyler Davis,C,6'10,10-Jun,266,May 22 1997,us,0,Texas A&M,129,21,OKC,1,0,1,0,1,0,0,0,0,0,1,0,0,0,0,0,1,0,1,0,0,0,0,0,0,77250
358,6,Hamidou Diallo,SG,6'5,5-Jun,198,July 31 1998,us,0,Kentucky,138,20,OKC,51,3,10.3,1.5,3.2,0.455,0.1,0.5,0.167,1.4,2.8,0.504,0.467,0.7,1.2,0.61,0.7,1.2,1.9,0.3,0.4,0.2,0.5,1.5,3.7,838464
359,8,Jawun Evans,PG,6'1,Jun-00,185,July 26 1996,us,1,Oklahoma State,159,22,TOT,8,0,8.1,0.4,1.8,0.214,0,0.4,0,0.4,1.4,0.273,0.214,0,0,0,0.1,1.4,1.5,1.3,0.4,0,0.8,1,0.8,1455492
360,2,Raymond Felton,PG,6'1,1-Jun,205,June 26 1984,us,13,UNC,165,34,OKC,33,0,11.5,1.7,4.1,0.407,0.6,1.8,0.328,1.1,2.2,0.473,0.481,0.4,0.4,0.923,0.1,0.9,1,1.6,0.3,0.2,0.4,0.9,4.3,2393887
361,23,Terrance Ferguson,SG,6'7,7-Jun,190,May 17 1998,us,1,,166,20,OKC,74,74,26.1,2.5,5.8,0.429,1.4,3.9,0.366,1.1,1.9,0.56,0.552,0.5,0.7,0.725,0.4,1.5,1.9,1,0.5,0.2,0.6,3.1,6.9,2118840
362,13,Paul George,SF,6'9,9-Jun,220,May 2 1990,us,8,Fresno State,183,28,OKC,77,77,36.9,9.2,21,0.438,3.8,9.8,0.386,5.4,11.1,0.484,0.529,5.9,7,0.839,1.4,6.8,8.2,4.1,2.2,0.4,2.7,2.8,28,30560700
363,9,Jerami Grant,PF,6'9,9-Jun,220,March 12 1994,us,4,Syracuse,194,24,OKC,80,77,32.7,5.1,10.3,0.497,1.4,3.7,0.392,3.7,6.6,0.555,0.567,2,2.8,0.71,1.2,4,5.2,1,0.8,1.3,0.8,2.7,13.6,8333333
364,15,Donte Grantham,SF,6'8,8-Jun,215,March 19 1995,us,0,Clemson,196,23,OKC,3,0,0.7,0,0.7,0,0,0.7,0,0,0,0,0,0,0,0,0,0,0,0,0,0,0,0,0,77250
365,11,Abdel Nader,SF,6'6,6-Jun,225,September 25 1993,eg,1,Northern Illinois Iowa State,371,25,OKC,61,1,11.4,1.5,3.5,0.423,0.5,1.6,0.32,1,1.9,0.513,0.498,0.4,0.6,0.75,0.2,1.7,1.9,0.3,0.3,0.2,0.4,1.1,4,1378242
366,3,Nerlens Noel,C,6'11,11-Jun,220,April 10 1994,us,4,Kentucky,377,24,OKC,77,2,13.7,2.1,3.6,0.587,0,0,0,2.1,3.6,0.587,0.587,0.7,1,0.684,1.6,2.6,4.2,0.6,0.9,1.2,0.6,2.2,4.9,1757429
367,54,Patrick Patterson,PF,6'9,9-Jun,230,March 14 1989,us,8,Kentucky,397,29,OKC,63,5,13.7,1.3,3.5,0.374,0.7,2.2,0.336,0.6,1.3,0.439,0.479,0.3,0.5,0.633,0.7,1.7,2.3,0.5,0.3,0.2,0.3,0.7,3.6,5451600
368,0,Russell Westbrook,PG,6'3,3-Jun,200,November 12 1988,us,10,UCLA,506,30,OKC,73,73,36,8.6,20.2,0.428,1.6,5.6,0.29,7,14.5,0.481,0.468,4.1,6.2,0.656,1.5,9.6,11.1,10.7,1.9,0.5,4.5,3.4,22.9,35665000
369,21,Patrick Beverley,PG,6'1,1-Jun,185,July 12 1988,us,6,Arkansas,49,30,LAC,78,49,27.4,2.5,6.1,0.407,1.4,3.6,0.397,1.1,2.5,0.421,0.524,1.2,1.6,0.78,1,4,5,3.8,0.9,0.6,1.1,3.4,7.6,5027028
370,11,Avery Bradley,SG,6'2,2-Jun,180,November 26 1990,us,8,Texas,63,28,TOT,63,63,30.2,3.9,9.7,0.408,1.4,3.9,0.351,2.6,5.8,0.446,0.479,0.7,0.8,0.86,0.7,2.1,2.8,2.4,0.7,0.3,1.4,2.7,9.9,12000000
371,31,Angel Delgado,C,6'10,10-Jun,245,November 20 1994,do,0,Seton Hall,132,24,LAC,2,0,7.5,0.5,2.5,0.2,0,0,0,0.5,2.5,0.2,0.2,0.5,1,0.5,1,1,2,0,0.5,0,0,1,1.5,77250
372,8,Danilo Gallinari,SF,6'10,10-Jun,225,August 8 1988,it,9,,177,30,LAC,68,68,30.3,6,13,0.463,2.4,5.5,0.433,3.6,7.5,0.484,0.554,5.4,6,0.904,0.8,5.3,6.1,2.6,0.7,0.3,1.5,1.9,19.8,21587579
373,2,Shai Gilgeous-Alexander,PG,6'6,6-Jun,181,July 12 1998,ca,0,Kentucky,186,20,LAC,82,73,26.5,4.2,8.7,0.476,0.6,1.7,0.367,3.5,7,0.503,0.512,1.9,2.4,0.8,0.7,2.1,2.8,3.3,1.2,0.5,1.7,2.1,10.8,3375360
374,13,Marcin Gortat,C,6'11,11-Jun,240,February 17 1984,pl,11,,191,34,LAC,47,43,16,2.1,4,0.532,0,0,0,2.1,4,0.532,0.532,0.7,1,0.729,1.4,4.1,5.6,1.4,0.1,0.5,1.1,2,5,13565218
375,4,JaMychal Green,PF,6'9,9-Jun,227,June 21 1990,us,4,Alabama,200,28,TOT,65,6,21.1,3.5,7.3,0.483,1.1,2.7,0.403,2.4,4.6,0.53,0.558,1.2,1.6,0.792,1.6,4.7,6.3,0.8,0.7,0.5,1.3,3,9.4,8066667
376,5,Montrezl Harrell,C,6'8,8-Jun,240,January 26 1994,us,3,Louisville,208,25,LAC,82,5,26.3,6.7,10.8,0.615,0,0.2,0.176,6.6,10.6,0.623,0.617,3.2,5,0.643,2.2,4.3,6.5,2,0.9,1.3,1.6,3.1,16.6,6000000
377,12,Luc Mbah a Moute,PF,6'8,8-Jun,230,September 9 1986,cm,10,UCLA,331,32,LAC,4,0,15.3,2,4.5,0.444,0.5,1.5,0.333,1.5,3,0.5,0.5,0.5,1.3,0.4,0.5,1.3,1.8,0.5,0.3,0.3,0.5,2,5,4320500
378,15,Johnathan Motley,PF,6'10,10-Jun,230,May 4 1995,us,1,Baylor,365,23,LAC,22,0,7.1,1.8,3.3,0.534,0,0.1,0,1.8,3.2,0.557,0.534,1.1,1.8,0.6,0.8,1.5,2.3,0.5,0.2,0.1,0.7,1.2,4.6,77250
379,10,Jerome Robinson,SG,6'5,5-Jun,190,February 22 1997,us,0,Boston College,426,21,LAC,33,0,9.7,1.3,3.3,0.4,0.5,1.7,0.316,0.8,1.6,0.491,0.482,0.2,0.3,0.667,0.1,1.2,1.2,0.6,0.3,0.1,0.4,1.4,3.4,3050160
380,17,Garrett Temple,SG,6'6,6-Jun,195,May 8 1986,us,8,LSU,468,32,TOT,75,55,27.2,2.8,6.6,0.422,1.2,3.5,0.341,1.6,3.1,0.515,0.513,1.1,1.4,0.748,0.4,2.5,2.9,1.4,1,0.4,0.9,2.7,7.8,8000000
381,4,Milos Teodosic,PG,6'5,5-Jun,196,March 19 1987,rs,1,,469,31,LAC,15,0,10,1.1,2.7,0.425,0.7,1.8,0.37,0.5,0.9,0.538,0.55,0.3,0.5,0.571,0.2,0.9,1.1,2.1,0.2,0.1,1.4,1.8,3.2,6300000
382,0,Sindarius Thornwell,SG,6'5,5-Jun,215,November 15 1994,us,1,South Carolina,478,24,LAC,64,1,4.9,0.3,0.8,0.347,0,0.2,0.2,0.2,0.5,0.412,0.378,0.4,0.5,0.735,0.1,0.6,0.7,0.3,0.2,0.1,0.3,0.6,1,1378242
383,9,Tyrone Wallace,PG,6'5,5-Jun,198,June 10 1994,us,1,Cal,499,24,LAC,62,0,10.1,1.5,3.5,0.424,0.1,0.3,0.211,1.4,3.2,0.444,0.433,0.5,0.9,0.526,0.3,1.3,1.6,0.7,0.3,0.1,0.6,1.3,3.5,1349383
384,40,Ivica Zubac,C,7'1,1-Jul,240,March 18 1997,ba,2,,530,21,TOT,59,37,17.6,3.6,6.4,0.559,0,0,0,3.6,6.4,0.559,0.559,1.7,2.1,0.802,1.9,4.2,6.1,1.1,0.2,0.9,1.2,2.3,8.9,1544951
385,35,Marvin Bagley,PF,6'11,11-Jun,234,March 14 1999,us,0,Duke,27,19,SAC,62,4,25.3,5.7,11.4,0.504,0.5,1.5,0.313,5.3,9.8,0.534,0.525,2.9,4.2,0.691,2.6,5,7.6,1,0.5,1,1.6,1.9,14.9,7314960
386,40,Harrison Barnes,SF,6'8,8-Jun,225,May 30 1992,us,6,UNC,33,26,TOT,77,77,32.9,5.6,13.3,0.42,2.3,5.7,0.395,3.3,7.6,0.439,0.504,3,3.6,0.824,0.7,3.9,4.7,1.5,0.6,0.2,1.3,1.6,16.4,24107258
387,88,Nemanja Bjelica,PF,6'10,10-Jun,234,May 9 1988,rs,3,,52,30,SAC,77,70,23.2,3.7,7.7,0.479,1.3,3.3,0.401,2.4,4.4,0.539,0.566,0.9,1.2,0.761,1.6,4.1,5.8,1.9,0.7,0.7,1.1,2.6,9.6,6500000
388,8,Bogdan Bogdanovic,SG,6'6,6-Jun,205,August 18 1992,rs,1,,56,26,SAC,70,17,27.8,5.2,12.3,0.418,1.9,5.3,0.36,3.2,7,0.462,0.496,1.9,2.3,0.827,0.6,2.9,3.5,3.8,1,0.2,1.7,2,14.1,9000000
389,0,Willie Cauley-Stein,C,7'1,Jul-00,240,August 18 1993,us,3,Kentucky,97,25,SAC,81,81,27.3,5.1,9.1,0.556,0,0,0.5,5.1,9.1,0.556,0.557,1.7,3.1,0.551,2.2,6.1,8.4,2.4,1.2,0.6,1,2.8,11.9,4696874
390,3,Yogi Ferrell,PG,6'1,Jun-00,180,May 9 1993,us,2,Indiana,167,25,SAC,71,3,15,2.2,5,0.435,0.8,2.1,0.362,1.4,2.9,0.488,0.511,0.8,0.9,0.896,0.2,1.4,1.5,1.9,0.5,0.1,0.6,0.9,5.9,3000000
391,5,De'Aaron Fox,PG,6'3,3-Jun,175,December 20 1997,us,1,Kentucky,171,21,SAC,81,81,31.4,6.2,13.6,0.458,1.1,2.9,0.371,5.2,10.7,0.482,0.497,3.7,5.1,0.727,0.5,3.2,3.8,7.3,1.6,0.6,2.8,2.5,17.3,5470920
392,20,Harry Giles,PF,6'10,10-Jun,240,April 22 1998,us,0,Duke,185,20,SAC,58,0,14.1,3,6,0.503,0,0.1,0,3,5.9,0.512,0.503,1,1.6,0.637,1.1,2.7,3.8,1.5,0.5,0.4,1.3,2.6,7,2207040
393,24,Buddy Hield,SG,6'4,4-Jun,214,December 17 1992,bs,2,Oklahoma,224,26,SAC,82,82,31.9,7.6,16.6,0.458,3.4,7.9,0.427,4.2,8.6,0.487,0.56,2.1,2.4,0.886,1.3,3.7,5,2.5,0.7,0.4,1.8,2.5,20.7,3833760
394,25,Justin Jackson,SF,6'8,8-Jun,210,March 28 1995,us,1,UNC,256,23,TOT,81,14,19.9,2.7,6,0.447,1.1,3,0.355,1.6,3,0.542,0.537,0.8,1,0.785,0.5,2.1,2.6,1.2,0.4,0.2,0.4,1.2,7.2,2807880
395,41,Kosta Koufos,C,7'1,Jul-00,245,February 24 1989,us,10,Ohio State,289,29,SAC,42,1,12,1.7,3.6,0.477,0,0,0,1.7,3.6,0.477,0.477,0.2,0.6,0.417,1.2,3,4.2,0.9,0.4,0.4,0.6,1.6,3.7,8739500
396,10,Frank Mason,PG,5'11,11-May,190,April 3 1994,us,1,Kansas,328,24,SAC,38,0,11.4,1.9,4.4,0.42,0.4,1.7,0.219,1.5,2.8,0.543,0.462,1,1.5,0.684,0.2,1,1.1,2.2,0.4,0.1,0.9,0.9,5.1,1378242
397,23,Ben McLemore,SG,6'5,5-Jun,201,February 11 1993,us,5,Kansas,340,25,SAC,19,0,8.3,1.3,3.4,0.391,0.9,2.2,0.415,0.4,1.2,0.348,0.523,0.4,0.6,0.667,0.2,0.7,0.9,0.2,0.3,0.2,0.3,1.2,3.9,5460000
398,19,Troy Williams,SF,6'7,7-Jun,218,December 30 1994,us,2,Indiana,518,24,SAC,21,0,14.9,2.1,4.7,0.449,0.7,2.1,0.318,1.4,2.6,0.556,0.52,0.4,0.7,0.6,0.6,2.2,2.8,0.5,0.5,0.4,0.4,1.8,5.3,77250
399,2,Lonzo Ball,PG,6'6,6-Jun,190,October 27 1997,us,1,UCLA,30,21,LAL,47,45,30.3,3.9,9.7,0.406,1.6,4.9,0.329,2.3,4.9,0.482,0.488,0.4,1,0.417,1.1,4.2,5.3,5.4,1.5,0.4,2.2,2.4,9.9,7461960
400,11,Michael Beasley,PF,6'9,9-Jun,235,January 9 1989,us,10,Kansas State,42,30,LAL,26,2,10.7,2.9,5.9,0.49,0.1,0.7,0.176,2.8,5.2,0.529,0.5,1.1,1.5,0.718,0.5,1.8,2.3,1,0.3,0.4,1,1.6,7,3500000
401,17,Isaac Bonga,PG,6'8,8-Jun,180,November 8 1999,de,0,,60,19,LAL,22,0,5.5,0.2,1.5,0.152,0,0.4,0,0.2,1.1,0.2,0.152,0.4,0.7,0.6,0.4,0.7,1.1,0.7,0.4,0.2,0.3,0.4,0.9,1000000
402,1,Kentavious Caldwell-Pope,SG,6'5,5-Jun,205,February 18 1993,us,5,Georgia,87,25,LAL,82,23,24.8,4,9.2,0.43,1.8,5.3,0.347,2.1,3.9,0.542,0.53,1.7,1.9,0.867,0.6,2.3,2.9,1.3,0.9,0.2,0.8,1.7,11.4,12000000
403,4,Alex Caruso,PG,6'5,5-Jun,186,February 28 1994,us,1,Texas A&M,95,24,LAL,25,4,21.2,3.1,6.9,0.445,1,2,0.48,2.1,4.9,0.431,0.514,2,2.6,0.797,0.8,1.9,2.7,3.1,1,0.4,1.7,2.2,9.2,77250
404,5,Tyson Chandler,C,7'1,1-Jul,240,October 2 1982,us,17,,100,36,TOT,55,6,15.9,1.1,1.8,0.616,0,0,0,1.1,1.8,0.622,0.616,0.9,1.6,0.586,1.7,3.9,5.6,0.7,0.4,0.4,0.8,2,3.1,13585000
405,3,Josh Hart,SG,6'5,5-Jun,215,March 6 1995,us,1,Villanova,215,23,LAL,67,22,25.6,2.8,6.9,0.407,1.4,4.1,0.336,1.4,2.8,0.511,0.506,0.8,1.2,0.688,0.5,3.2,3.7,1.4,1,0.6,0.9,2.2,7.8,1655160
406,20,Andre Ingram,SG,6'3,3-Jun,190,November 19 1985,us,1,American University,247,33,LAL,4,0,3.8,0,1.5,0,0,0.8,0,0,0.8,0,0,0,0,0,0.3,0.3,0.5,0,0.3,0,0.3,0,0,76236
407,14,Brandon Ingram,SF,6'9,9-Jun,190,September 2 1997,us,2,Duke,248,21,LAL,52,52,33.8,7,14,0.497,0.6,1.8,0.33,6.4,12.2,0.521,0.518,3.8,5.6,0.675,0.8,4.3,5.1,3,0.5,0.6,2.5,2.9,18.3,5757120
408,23,LeBron James,SF,6'8,8-Jun,250,December 30 1984,us,15,,258,34,LAL,55,55,35.2,10.1,19.9,0.51,2,5.9,0.339,8.1,14,0.582,0.56,5.1,7.6,0.665,1,7.4,8.5,8.3,1.3,0.6,3.6,1.7,27.4,35654150
409,10,Jemerrio Jones,SF,6'5,5-Jun,174,April 9 1995,us,0,Hill College New Mexico State,273,23,LAL,6,2,23.8,2,5.5,0.364,0.3,1.7,0.2,1.7,3.8,0.435,0.394,0.2,0.3,0.5,2.7,5.5,8.2,2.2,1.2,0.8,0.8,1.7,4.5,52170
410,0,Kyle Kuzma,PF,6'9,9-Jun,220,July 24 1995,us,1,Utah,291,23,LAL,70,68,33.1,7.1,15.5,0.456,1.8,6,0.303,5.3,9.5,0.553,0.515,2.7,3.6,0.752,0.9,4.6,5.5,2.5,0.6,0.4,1.9,2.4,18.7,1689840
411,10,Scott Machado,PG,6'1,1-Jun,205,June 8 1990,us,1,Iona College,319,28,LAL,4,0,4.8,1,1.5,0.667,0.3,0.3,1,0.8,1.3,0.6,0.75,0.3,0.3,1,0,0,0,0.8,0.3,0,0,0.5,2.5,76236
412,7,JaVale McGee,C,7'1,Jul-00,270,January 19 1988,us,10,Nevada,337,31,LAL,75,62,22.3,5.3,8.5,0.624,0,0.2,0.083,5.3,8.4,0.634,0.625,1.3,2,0.632,2.6,4.9,7.5,0.7,0.6,2,1.4,2.8,12,2393887
413,9,Rajon Rondo,PG,6'1,1-Jun,186,February 22 1986,us,12,Kentucky,428,32,LAL,46,29,29.8,3.8,9.4,0.405,1.1,3.1,0.359,2.7,6.3,0.428,0.464,0.5,0.8,0.639,0.7,4.5,5.3,8,1.2,0.2,2.8,2.2,9.2,9000000
414,6,Lance Stephenson,SG,6'6,6-Jun,230,September 5 1990,us,8,Cincinnati,463,28,LAL,68,3,16.5,2.7,6.4,0.426,1.1,2.9,0.371,1.6,3.5,0.472,0.51,0.7,1.1,0.685,0.5,2.7,3.2,2.1,0.6,0.1,1.3,1.6,7.2,4449000
415,15,Moritz Wagner,C,6'11,11-Jun,245,April 26 1997,de,0,Michigan,494,21,LAL,43,5,10.4,1.7,4,0.415,0.5,1.8,0.286,1.1,2.2,0.521,0.48,1,1.2,0.811,0.4,1.6,2,0.6,0.3,0.3,0.9,1.3,4.8,1764240
416,19,Johnathan Williams,C,6'9,9-Jun,228,May 22 1995,us,0,Missouri Gonzaga,513,23,LAL,24,0,15.5,2.7,4.6,0.591,0,0.1,0,2.7,4.5,0.602,0.591,1.1,2,0.563,2,2.1,4.1,0.5,0.3,0.3,0.7,2.6,6.5,127250
417,31,Keita Bates-Diop,SF,6'9,9-Jun,229,January 23 1996,us,0,Ohio State,35,23,MIN,30,3,16.8,2,4.7,0.423,0.4,1.7,0.25,1.6,3,0.522,0.468,0.6,0.9,0.643,0.5,2.2,2.8,0.6,0.6,0.5,0.5,1,5,838464
418,8,Jerryd Bayless,PG,6'3,3-Jun,200,August 20 1988,us,10,Arizona,37,30,MIN,34,6,19.3,2.4,6.8,0.357,0.9,2.9,0.296,1.6,3.9,0.402,0.42,0.5,0.8,0.571,0.3,1.5,1.8,3.5,0.5,0.1,0.9,1.6,6.1,8575916
419,9,Luol Deng,SF,6'9,9-Jun,237,April 16 1985,ss,14,Duke,134,33,MIN,22,2,17.8,2.7,5.4,0.5,0.6,2,0.318,2,3.4,0.608,0.559,1.1,1.6,0.714,0.9,2.4,3.3,0.8,0.7,0.4,0.6,1.1,7.1,16747954
420,5,Gorgui Dieng,C,6'11,11-Jun,252,January 18 1990,sn,5,Louisville,139,29,MIN,76,2,13.6,2.5,5,0.501,0.3,0.7,0.339,2.2,4.2,0.53,0.527,1.2,1.4,0.83,1.1,3,4.1,0.9,0.6,0.5,0.8,1.8,6.4,15170787
421,67,Taj Gibson,PF,6'9,9-Jun,232,June 24 1985,us,9,USC,184,33,MIN,70,57,24.1,4.3,7.7,0.566,0.2,0.5,0.324,4.2,7.2,0.583,0.576,1.9,2.5,0.757,2.5,4.1,6.5,1.2,0.8,0.6,1,2.7,10.8,14000000
422,1,Tyus Jones,PG,6'2,2-Jun,196,May 10 1996,us,3,Duke,275,22,MIN,68,23,22.9,2.7,6.6,0.415,0.6,1.9,0.317,2.1,4.7,0.453,0.46,0.9,1,0.841,0.3,1.6,2,4.8,1.2,0.1,0.7,1.1,6.9,2444052
423,20,Josh Okogie,SG,6'4,4-Jun,212,September 1 1998,ng,0,Georgia Tech,388,20,MIN,74,52,23.7,2.6,6.9,0.386,0.8,2.9,0.279,1.8,4,0.464,0.445,1.6,2.2,0.728,0.6,2.4,2.9,1.2,1.2,0.4,0.9,2.2,7.7,2163600
424,25,Derrick Rose,PG,6'3,3-Jun,200,October 4 1988,us,9,Memphis,429,30,MIN,51,13,27.3,7.1,14.8,0.482,1.1,2.9,0.37,6.1,11.9,0.509,0.518,2.7,3.1,0.856,0.6,2.1,2.7,4.3,0.6,0.2,1.6,1.1,18,2176260
425,0,Jeff Teague,PG,6'2,2-Jun,195,June 10 1988,us,9,Wake Forest,467,30,MIN,42,41,30.1,4.2,9.9,0.423,0.8,2.5,0.333,3.4,7.4,0.453,0.465,2.9,3.6,0.804,0.4,2.1,2.5,8.2,1,0.4,2.3,2.1,12.1,19000000
426,3,Jared Terrell,SG,6'3,3-Jun,227,February 10 1995,us,0,Rhode Island,470,23,MIN,14,0,7.9,0.9,2.8,0.308,0.3,1.2,0.235,0.6,1.6,0.364,0.359,0.2,0.4,0.5,0.1,0.4,0.4,0.9,0.2,0.1,0.7,1.1,2.2,77250
427,43,Anthony Tolliver,PF,6'8,8-Jun,250,June 1 1985,us,10,Creighton,479,33,MIN,65,0,16.6,1.5,4,0.382,1.2,3.3,0.377,0.3,0.7,0.409,0.539,0.7,0.9,0.783,0.2,2.5,2.7,0.7,0.3,0.3,0.6,1.4,5,5750000
428,32,Karl-Anthony Towns,C,7'1,Jul-00,248,November 15 1995,us,3,Kentucky,480,23,MIN,77,77,33.1,8.8,17.1,0.518,1.8,4.6,0.4,7,12.5,0.562,0.572,4.9,5.8,0.836,3.4,9,12.4,3.4,0.9,1.6,3.1,3.8,24.4,7839435
429,22,Andrew Wiggins,SF,6'8,8-Jun,194,February 23 1995,ca,4,Kansas,510,23,MIN,73,73,34.8,6.8,16.6,0.412,1.6,4.8,0.339,5.2,11.8,0.441,0.461,2.8,4.1,0.699,1.1,3.7,4.8,2.5,1,0.7,1.9,2.1,18.1,25467250
430,1,Kyle Anderson,SF,6'9,9-Jun,230,September 20 1993,us,4,UCLA,15,25,MEM,43,40,29.8,3.5,6.4,0.543,0.2,0.8,0.265,3.3,5.6,0.583,0.56,0.9,1.5,0.578,1.1,4.7,5.8,3,1.3,0.9,1.3,2.6,8,8641000
431,24,Dillon Brooks,SF,6'6,6-Jun,220,January 22 1996,ca,1,Oregon,71,23,MEM,18,0,18.3,2.7,6.8,0.402,0.8,2.2,0.375,1.9,4.6,0.415,0.463,1.2,1.7,0.733,0.5,1.2,1.7,0.9,0.6,0.2,1.1,2.8,7.5,1378242
432,8,MarShon Brooks,SG,6'5,5-Jun,200,January 26 1989,us,4,Providence,72,30,MEM,29,0,13.3,2.6,5.8,0.45,0.5,1.9,0.278,2.1,4,0.53,0.494,0.8,1.1,0.697,0.4,1.1,1.6,0.9,0.3,0.1,0.7,1.1,6.6,1656092
433,5,Bruno Caboclo,SF,6'9,9-Jun,218,September 21 1995,br,4,,85,23,MEM,34,19,23.5,2.8,6.6,0.427,1.4,3.8,0.369,1.4,2.8,0.505,0.533,1.2,1.5,0.84,1.2,3.4,4.6,1.5,0.4,1,1.1,2.4,8.3,705361
434,3,Jevon Carter,PG,6'2,2-Jun,196,September 14 1995,us,0,West Virginia,91,23,MEM,39,3,14.8,1.4,4.7,0.303,0.9,2.6,0.333,0.6,2.1,0.265,0.395,0.7,0.8,0.813,0.4,1.3,1.7,1.8,0.7,0.3,0.8,1.4,4.4,838464
435,18,Omri Casspi,SF,6'9,9-Jun,225,June 22 1988,il,9,,96,30,MEM,36,0,14.4,2.4,4.5,0.534,0.4,1.2,0.349,2,3.3,0.602,0.581,1.1,1.6,0.672,0.5,2.7,3.2,0.7,0.6,0.3,0.6,1,6.3,2176260
436,11,Mike Conley,PG,6'1,1-Jun,175,October 11 1987,us,11,Ohio State,112,31,MEM,70,70,33.5,7,16,0.438,2.2,6.1,0.364,4.8,9.9,0.483,0.507,4.9,5.8,0.845,0.6,2.8,3.4,6.4,1.3,0.3,1.9,1.8,21.1,30521115
437,8,Dusty Hannahs,SG,6'3,3-Jun,210,September 2 1993,us,0,Texas Tech Arkansas,204,25,MEM,2,0,13,1.5,6,0.25,0,2.5,0,1.5,3.5,0.429,0.25,1,1,1,0,0.5,0.5,2.5,0.5,0,0.5,0.5,4,47370
438,13,Jaren Jackson,PF,6'11,11-Jun,242,September 15 1999,us,0,Michigan State,254,19,MEM,58,56,26.1,5.1,10.2,0.506,0.9,2.4,0.359,4.3,7.7,0.553,0.549,2.6,3.4,0.766,1.3,3.4,4.7,1.1,0.9,1.4,1.7,3.8,13.8,5922720
439,55,Joakim Noah,C,6'11,11-Jun,230,February 25 1985,us,11,Florida,376,33,MEM,42,1,16.5,2.6,5.1,0.516,0,0,0,2.6,5,0.519,0.516,1.9,2.6,0.716,1.4,4.3,5.7,2.1,0.5,0.7,1.2,2.3,7.1,20261172
440,25,Chandler Parsons,SF,6'10,10-Jun,230,October 25 1988,us,7,Florida,396,30,MEM,25,3,19.8,2.7,7.3,0.374,1.2,3.8,0.309,1.6,3.5,0.443,0.453,0.9,1,0.88,0.2,2.6,2.8,1.7,0.8,0.2,1.3,1.8,7.5,24107258
441,10,Ivan Rabb,PF,6'10,10-Jun,220,February 4 1997,us,1,Cal,414,21,MEM,49,13,14.7,2.4,4.3,0.547,0.1,0.3,0.2,2.3,4,0.574,0.554,1,1.4,0.71,1.4,2.8,4.2,1.1,0.3,0.3,0.7,1.8,5.8,1378242
442,4,Julian Washburn,SF,6'8,8-Jun,210,December 18 1991,us,0,Texas-El Paso,503,27,MEM,18,3,14.1,0.9,2.7,0.333,0.3,1.3,0.208,0.6,1.3,0.458,0.385,0.2,0.2,0.75,0.4,1.8,2.3,0.8,0.7,0.1,0.4,0.9,2.2,77250
443,12,Yuta Watanabe,SF,6'9,9-Jun,205,October 13 1994,jp,0,George Washington,504,24,MEM,15,0,11.6,1,3.4,0.294,0.1,1.1,0.125,0.9,2.3,0.371,0.314,0.5,0.7,0.7,0.3,1.8,2.1,0.5,0.3,0.1,0.4,0.7,2.6,77250
444,9,Dairis Bertans,SG,6'4,4-Jun,200,September 9 1989,lv,0,,47,29,NOP,12,0,13.9,1,3.9,0.255,0.8,2.8,0.294,0.2,1.1,0.154,0.362,0,0,0,0.2,0.6,0.8,0.8,0.1,0,0.2,0.6,2.8,194220
445,2,Ian Clark,SG,6'3,3-Jun,175,March 7 1991,us,5,Belmont,106,27,NOP,60,6,16.2,2.5,6.4,0.394,1.1,3.4,0.327,1.4,3,0.47,0.48,0.6,0.6,0.892,0.2,1.3,1.5,1.6,0.4,0.1,1,1.6,6.7,1757429
446,23,Anthony Davis,C,6'10,10-Jun,253,March 11 1993,us,6,Kentucky,126,25,NOP,56,56,33,9.5,18.3,0.517,0.9,2.6,0.331,8.6,15.7,0.547,0.54,6.1,7.7,0.794,3.1,8.9,12,3.9,1.6,2.4,2,2.4,25.9,25434263
447,13,Cheick Diallo,PF,6'9,9-Jun,220,September 13 1996,ml,2,Kansas,137,22,NOP,64,1,14,2.6,4.2,0.62,0,0.1,0.25,2.6,4.2,0.625,0.622,0.8,1,0.746,1.2,4,5.2,0.5,0.5,0.5,0.8,1.8,6,1544951
448,44,Solomon Hill,SF,6'7,7-Jun,225,March 18 1991,us,5,Arizona,228,27,NOP,44,15,20,1.5,4,0.382,0.7,2.3,0.317,0.8,1.8,0.468,0.472,0.5,0.7,0.719,0.8,2.3,3,1.3,0.5,0.2,0.7,1.8,4.3,12763467
449,11,Jrue Holiday,SG,6'4,4-Jun,205,June 12 1990,us,9,UCLA,230,28,NOP,67,67,35.9,8.2,17.3,0.472,1.8,5.4,0.325,6.4,11.9,0.539,0.523,3.1,4,0.768,1.1,3.9,5,7.7,1.6,0.8,3.1,2.2,21.2,26641111
450,15,Frank Jackson,PG,6'3,3-Jun,205,May 4 1998,us,0,Duke,253,20,NOP,61,16,19.2,3.2,7.3,0.434,0.9,2.8,0.314,2.3,4.6,0.507,0.493,0.9,1.2,0.74,0.4,1.8,2.2,1.1,0.4,0,0.8,1.5,8.1,1378242
451,21,Darius Miller,SF,6'8,8-Jun,225,March 21 1990,us,4,Kentucky,348,28,NOP,69,15,25.5,2.7,7,0.39,1.9,5.3,0.365,0.8,1.7,0.467,0.528,0.8,1,0.789,0.2,1.7,1.9,2.1,0.6,0.3,0.9,2.4,8.2,2205000
452,55,E'Twaun Moore,SG,6'4,4-Jun,191,February 25 1989,us,7,Purdue,358,29,NOP,53,36,27.6,4.8,10,0.481,1.4,3.3,0.432,3.4,6.7,0.506,0.553,0.8,1.1,0.763,0.7,1.7,2.4,1.9,0.8,0.2,1.1,2.1,11.9,8808685
453,8,Jahlil Okafor,C,6'11,11-Jun,275,December 15 1995,us,3,Duke,386,23,NOP,59,24,15.8,3.6,6.1,0.586,0,0.1,0.2,3.6,6.1,0.591,0.587,1,1.5,0.663,1.4,3.3,4.7,0.7,0.3,0.7,0.9,1.6,8.2,1567007
454,4,Elfrid Payton,PG,6'4,4-Jun,185,February 22 1994,us,4,Louisiana,401,24,NOP,42,42,29.8,4.3,9.8,0.434,0.8,2.5,0.314,3.5,7.3,0.476,0.475,1.3,1.8,0.743,1.2,4.1,5.2,7.6,1,0.4,2.7,1.9,10.6,3000000
455,30,Julius Randle,PF,6'9,9-Jun,250,November 29 1994,us,4,Kentucky,416,24,NOP,73,49,30.6,7.8,14.9,0.524,0.9,2.7,0.344,6.9,12.2,0.564,0.555,4.9,6.7,0.731,2.2,6.5,8.7,3.1,0.7,0.6,2.8,3.4,21.4,8641000
456,34,Kenrich Williams,SF,6'7,7-Jun,210,December 2 1994,us,0,TCU,514,24,NOP,46,29,23.5,2.3,6.1,0.384,1.1,3.4,0.333,1.2,2.7,0.447,0.477,0.3,0.4,0.684,1.2,3.6,4.8,1.8,1,0.4,0.8,2.1,6.1,838464
457,37,Kostas Antetokounmpo,PF,6'10,10-Jun,200,November 20 1997,gr,0,Dayton,19,21,DAL,2,0,5.5,0,1.5,0,0,0,0,0,1.5,0,0,1,2,0.5,0,0.5,0.5,0,1,0,0.5,0,1,77250
458,45,Ryan Broekhoff,SG,6'7,7-Jun,215,August 23 1990,au,0,Valparaiso,69,28,DAL,42,0,10.8,1.4,3,0.452,0.9,2.2,0.409,0.5,0.8,0.576,0.603,0.4,0.5,0.789,0.2,1.3,1.5,0.5,0.1,0.1,0.4,0.8,4,838464
459,13,Jalen Brunson,PG,6'3,3-Jun,190,August 31 1996,us,0,Villanova,78,22,DAL,73,38,21.8,3.6,7.7,0.467,0.9,2.5,0.348,2.8,5.3,0.523,0.523,1.2,1.6,0.725,0.3,2,2.3,3.2,0.5,0.1,1.2,1.7,9.3,1230000
460,77,Luka Doncic,SG,6'7,7-Jun,218,February 28 1999,si,0,,142,19,DAL,72,72,32.2,7,16.5,0.427,2.3,7.1,0.327,4.7,9.3,0.503,0.497,4.8,6.7,0.713,1.2,6.6,7.8,6,1.1,0.3,3.4,1.9,21.2,6569040
461,10,Dorian Finney-Smith,SF,6'8,8-Jun,220,May 4 1993,us,2,Florida,168,25,DAL,81,26,24.5,2.8,6.5,0.432,1,3.1,0.311,1.8,3.4,0.544,0.507,0.9,1.3,0.709,1.7,3.1,4.8,1.2,0.9,0.4,0.9,2.3,7.5,1544951
462,34,Devin Harris,PG,6'3,3-Jun,185,February 27 1983,us,14,Wisconsin,209,35,DAL,68,2,15.8,1.9,5.1,0.38,0.9,2.9,0.31,1,2.2,0.476,0.47,1.5,2,0.761,0.2,1.5,1.6,1.8,0.5,0.2,0.8,2,6.3,2393887
463,42,Maxi Kleber,PF,6'11,11-Jun,240,January 29 1992,de,1,,283,27,DAL,71,18,21.2,2.5,5.4,0.453,1.1,3.1,0.353,1.4,2.4,0.583,0.553,0.8,1,0.784,1.3,3.4,4.6,1,0.5,1.1,0.8,2,6.8,1378242
464,3,Daryl Macon,SG,6'3,3-Jun,185,November 29 1995,us,0,Arkansas,321,23,DAL,8,0,11.3,1.3,3.4,0.37,0.6,1.4,0.455,0.6,2,0.313,0.463,0.5,0.9,0.571,0.3,1.3,1.5,0.9,0.1,0,0.8,1,3.6,77250
465,50,Salah Mejri,C,7'2,2-Jul,235,June 15 1986,tn,3,,343,32,DAL,36,4,11.1,1.5,3.1,0.491,0.3,0.9,0.324,1.2,2.2,0.564,0.54,0.6,0.9,0.625,1,2.6,3.6,1,0.3,0.7,0.6,1.5,3.9,2098196
466,41,Dirk Nowitzki,PF,7'1,Jul-00,245,June 19 1978,de,20,,378,40,DAL,51,20,15.6,2.6,7.4,0.359,1.3,4,0.312,1.4,3.4,0.415,0.444,0.8,1,0.78,0.1,3,3.1,0.7,0.2,0.4,0.4,1.5,7.3,5000000
467,7,Dwight Powell,C,6'11,11-Jun,240,July 20 1991,ca,4,Stanford,410,27,DAL,77,22,21.6,3.8,6.3,0.597,0.5,1.6,0.307,3.3,4.7,0.699,0.637,2.5,3.3,0.772,1.8,3.5,5.3,1.5,0.6,0.6,0.9,2.6,10.6,9631250
468,4,Quincy Acy,PF,6'7,7-Jun,240,October 6 1990,us,6,Baylor,2,28,PHO,10,0,12.3,0.4,1.8,0.222,0.2,1.5,0.133,0.2,0.3,0.667,0.278,0.7,1,0.7,0.3,2.2,2.5,0.8,0.1,0.4,0.4,2.4,1.7,213948
469,22,Deandre Ayton,C,7'1,1-Jul,250,July 23 1998,bs,0,Arizona,25,20,PHO,71,70,30.7,7.2,12.3,0.585,0,0.1,0,7.2,12.2,0.588,0.585,2,2.7,0.746,3.1,7.1,10.3,1.8,0.9,0.9,1.8,2.9,16.3,8175840
470,35,Dragan Bender,PF,7'1,1-Jul,225,November 17 1997,ba,2,,46,21,PHO,46,27,18,1.9,4.3,0.447,0.5,2.2,0.218,1.4,2.1,0.688,0.503,0.7,1.2,0.593,0.7,3.2,4,1.2,0.4,0.5,0.8,2,5,4661280
471,1,Devin Booker,SG,6'6,6-Jun,210,October 30 1996,us,3,Kentucky,61,22,PHO,64,64,35,9.2,19.6,0.467,2.1,6.5,0.326,7,13.1,0.536,0.521,6.1,7.1,0.866,0.6,3.5,4.1,6.8,0.9,0.2,4.1,3.1,26.6,3314365
472,25,Mikal Bridges,SF,6'7,7-Jun,210,August 30 1996,us,0,Villanova,66,22,PHO,82,56,29.5,3,6.9,0.43,1.3,3.8,0.335,1.7,3,0.548,0.523,1.2,1.4,0.805,0.7,2.5,3.2,2.1,1.6,0.5,0.9,2.5,8.3,3557400
473,11,Jamal Crawford,SG,6'5,5-Jun,185,March 20 1980,us,18,Michigan,119,38,PHO,64,0,18.9,2.7,6.8,0.397,1,3.2,0.332,1.7,3.7,0.453,0.474,1.5,1.7,0.845,0.1,1.2,1.3,3.6,0.5,0.2,1.5,1.2,7.9,4698113
474,30,Troy Daniels,SG,6'4,4-Jun,205,July 15 1991,us,5,Virginia Commonwealth,125,27,PHO,51,1,14.9,2.2,5.4,0.411,1.5,3.8,0.381,0.8,1.6,0.481,0.545,0.4,0.5,0.783,0.3,1.2,1.4,0.5,0.5,0.1,0.5,1.5,6.2,3258539
475,32,Jimmer Fredette,SG,6'2,2-Jun,195,February 25 1989,us,5,BYU,174,29,PHO,6,0,10.8,1.3,4.8,0.276,0,2.2,0,1.3,2.7,0.5,0.276,1,1,1,0.2,1,1.2,1.3,0.5,0,0.8,0.8,3.7,198579
476,21,Richaun Holmes,C,6'10,10-Jun,235,October 15 1993,us,3,Bowling Green,234,25,PHO,70,4,16.9,3.2,5.2,0.608,0,0,0,3.2,5.2,0.608,0.608,1.8,2.5,0.731,1.6,3.1,4.7,0.9,0.6,1.1,0.7,2.8,8.2,1600520
477,20,Josh Jackson,SG,6'8,8-Jun,200,February 10 1997,us,1,Kansas,255,21,PHO,79,29,25.2,4.4,10.6,0.413,0.9,2.8,0.324,3.5,7.8,0.445,0.456,1.8,2.7,0.671,0.8,3.6,4.4,2.3,0.9,0.7,2.2,2.6,11.5,6041520
478,8,George King,SF,6'6,6-Jun,225,January 15 1994,us,0,Colorado,282,25,PHO,1,0,6,0,0,0,0,0,0,0,0,0,0,0,0,0,0,1,1,0,0,0,0,0,0,77250
479,14,De'Anthony Melton,PG,6'4,4-Jun,200,May 28 1998,us,0,USC,344,20,PHO,50,31,19.7,2,5.1,0.391,0.6,1.9,0.305,1.4,3.2,0.441,0.447,0.4,0.6,0.75,0.5,2.2,2.7,3.2,1.4,0.5,1.5,2.3,5,949000
480,2,Elie Okobo,PG,6'3,3-Jun,190,October 23 1997,fr,0,,387,21,PHO,53,16,18.1,2.2,5.5,0.393,0.7,2.5,0.295,1.4,3,0.475,0.46,0.7,0.9,0.787,0.2,1.6,1.8,2.4,0.6,0.1,1.3,2.1,5.7,1238464
